Acne Calculator	A	T	T	T	0.75	유지: Calculator는 구체 도구이고 여드름 등급·치료비 산출기가 피부과에서 실재하는 서비스 형태라 명확하며 배치 내 중복 없음
Acne Checker	A	T	T	T	0.8	유지: 여드름 증상 셀프 체크 도구로 실재 서비스가 형성되고 Calculator와 기능이 달라 중복 아니며 상표 충돌 없음
Acne Diary	A	T	T	T	0.8	유지: 여드름 경과 기록 일지는 실재 앱 카테고리이고 Record는 이력 기록·Recorder는 기록 도구로 별개 제품이라 중복 아님
Acne Guide	A	T	T	T	0.8	유지: 여드름 관리 가이드 콘텐츠로 명확하고 Video와는 텍스트·영상으로 매체가 달라 중복 아니며 상표 충돌 없음
Acne Helper	A	T	T	T	0.75	유지: 여드름 관리 도우미 앱으로 실재하며 Guide(콘텐츠)·Diary(기록)와 역할이 달라 중복 아니고 상표 충돌 없음
Acne Record	A	T	T	T	0.7	유지: 여드름 발작 이력 기록물로 명확하고 Diary는 개인 일지로 별개 제품이며 상표 충돌 없음
Acne Recorder	A	T	T	T	0.7	유지: 여드름 경과를 찍어 기록하는 도구로 Record(기록물)와 별개 제품이고 기타 Acne 계열과도 중복 아님
Acne Video	A	T	T	T	0.75	유지: 여드름 관리 영상 가이드 서비스로 명확하고 Guide와는 다른 매체의 제품이라 중복 아니며 상표 충돌 없음
Activation App	A	T	T	T	0.85	유지: 통신 유심·서비스 개통 처리 앱으로 실재하고 명확하며 상표 충돌 없음
Activation Tips	A	T	T	T	0.85	유지: 개통 절차 안내 팁 콘텐츠로 App과 다른 제품이고 명확하며 중복·상표 충돌 없음
Adjuster App	A	T	T	T	0.85	유지: 보험 손해사정사의 사정 업무 지원 앱으로 실재하고 명확하며 상표 충돌 없음
Adjuster Tips	A	T	T	T	0.85	유지: 손해사정 업무 팁 콘텐츠로 App과 다른 제품이고 명확하며 중복·상표 충돌 없음
Amenity App	A	T	T	T	0.8	유지: 숙박 어메니티 예약·이용 앱으로 실재하고 명확하며 상표 충돌 없음
Amenity Tips	A	T	T	T	0.7	유지: 숙박 어메니티 활용 팁 콘텐츠로 App과 다른 제품이고 실재하는 콘텐츠 장르라 명확하며 상표 충돌 없음
Anemia Diary	A	T	T	T	0.85	유지: 빈혈 증상·수치 기록 일지로 실재 앱 카테고리이고 명확하며 중복·상표 충돌 없음
Anemia Video	A	T	T	T	0.8	유지: 빈혈 관리 교육 영상 서비스로 명확하고 배치 내 중복 없음·상표 충돌 없음
Anesthesia App	A	T	T	T	0.8	유지: 치과 마취 기록·투여 계산 앱으로 실재하고 명확하며 상표 충돌 없음
Anesthesia Tips	A	T	T	T	0.8	유지: 마취 실무 팁 콘텐츠로 App과 다른 제품이고 명확하며 중복·상표 충돌 없음
Apostille App	A	T	T	T	0.8	유지: 아포스티유 인증 절차 진행 관리 앱으로 실재하고 명확하며 상표 충돌 없음
Apostille Tips	A	T	T	T	0.8	유지: 아포스티유 절차 안내 팁 콘텐츠로 App과 다른 제품이고 명확하며 중복·상표 충돌 없음
Arthritis Diary	A	T	T	T	0.85	유지: 관절염 통증·증상 일지로 실재 앱 카테고리이고 명확하며 중복·상표 충돌 없음
Arthritis Guide	A	T	T	T	0.8	유지: 관절염 관리 가이드 콘텐츠로 명확하고 Video와 매체가 달라 중복 아니며 상표 충돌 없음
Arthritis Video	A	T	T	T	0.8	유지: 관절염 운동·교육 영상 서비스로 명확하고 배치 내 중복 없음·상표 충돌 없음
Assessment App	A	T	T	T	0.85	유지: 채용 역량평가 시행 관리 앱으로 실재하고 명확하며 상표 충돌 없음
Assessment Tips	A	T	T	T	0.85	유지: 평가 설계·운영 팁 콘텐츠로 App과 다른 제품이고 명확하며 중복·상표 충돌 없음
Attorney Deadline	A	T	T	T	0.85	유지: 변호사용 법적 마감 기한 관리 도구로 실재 서비스이고 명확하며 상표 충돌 없음
Attorney Guide	A	T	T	T	0.8	유지: 변호사 선정·이용 가이드 콘텐츠로 명확하고 배치 내 중복 없음·상표 충돌 없음
Attorney Lookup	A	T	T	T	0.85	유지: 변호사 검색 디렉터리 도구로 실재하고 명확하며 Match와는 검색 대 매칭으로 다른 제품
Attorney Match	A	T	T	T	0.8	유지: 변호사-의뢰인 매칭 앱으로 실재하고 Lookup과 다른 제품이며 LegalMatch 등과도 명칭이 동일·유사하지 않음
Attraction App	A	T	T	T	0.85	유지: 관광 명소 티켓·안내 앱으로 실재하고 명확하며 상표 충돌 없음
Attraction Tips	A	T	T	T	0.85	유지: 명소 방문 팁 콘텐츠로 App과 다른 제품이고 명확하며 중복·상표 충돌 없음
Attribution App	A	T	T	T	0.7	유지: 마케팅 기여도 추적 앱으로 실재 카테고리이고 attribution은 해당 업계 범용 일반명사라 동명 업체와의 우연 겹침은 상표 충돌 아님
Attribution Tips	A	T	T	T	0.8	유지: 기여도 분석 팁 콘텐츠로 App과 다른 제품이고 명확하며 중복·상표 충돌 없음
Backup App	A	T	T	T	0.85	유지: 데이터 백업·복원 관리 앱으로 실재하고 명확하며 상표 충돌 없음
Backup Tips	A	T	T	T	0.85	유지: 백업 전략 팁 콘텐츠로 App과 다른 제품이고 명확하며 중복·상표 충돌 없음
Bakery App	A	T	T	T	0.85	유지: 베이커리 주문·재고 관리 앱으로 실재하고 명확하며 상표 충돌 없음
Bakery Tips	A	T	T	T	0.85	유지: 베이커리 운영 팁 콘텐츠로 App과 다른 제품이고 명확하며 중복·상표 충돌 없음
Bandage App	A	T	T	T	0.65	유지: 상처 처치·응급 가이드 앱이라는 실재 카테고리(상처 관리 앱)가 형성되어 명확하고 상표 충돌 없음, 다만 도메인어가 도구와 간접 연결이라 낮은 확신
Bandage Tips	A	T	T	T	0.7	유지: 붕대 감기·처치 팁 콘텐츠로 실재하는 장르이고 App과 다른 제품이며 상표 충돌 없음
Bankruptcy App	A	T	T	T	0.85	유지: 파산 절차 준비·관리 앱으로 실재하고 명확하며 상표 충돌 없음
Bankruptcy Tips	A	T	T	T	0.85	유지: 파산 절차 팁 콘텐츠로 App과 다른 제품이고 명확하며 중복·상표 충돌 없음
Barbecue App	A	T	T	T	0.8	유지: 바비큐 주문·장비 대여 관리 앱으로 실재하고 명확하며 상표 충돌 없음
Barbecue Tips	A	T	T	T	0.8	유지: 바비큐 굽기·운영 팁 콘텐츠로 App과 다른 제품이고 명확하며 중복·상표 충돌 없음
Beneficiary App	A	T	T	T	0.8	유지: 보험 수익자 지정·관리 앱으로 실재하고 명확하며 상표 충돌 없음
Beneficiary Tips	A	T	T	T	0.8	유지: 수익자 지정 팁 콘텐츠로 App과 다른 제품이고 명확하며 중복·상표 충돌 없음
Benefits App	A	T	T	T	0.85	유지: 직원 복리후생 관리 앱으로 실재하고 명확하며 상표 충돌 없음
Benefits Tips	A	T	T	T	0.75	유지: 복리후생 제도 활용 팁 콘텐츠로 App과 다른 제품이고 HR 콘텐츠 장르가 실재하며 상표 충돌 없음
Bid App	A	T	T	T	0.85	유지: 건설 입찰 관리 앱으로 실재하고 명확하며 상표 충돌 없음
Bid Tips	A	T	T	T	0.85	유지: 입찰 참여 팁 콘텐츠로 App과 다른 제품이고 명확하며 중복·상표 충돌 없음
Bike App	A	T	T	T	0.7	유지: 자전거 이용·정비 관리 앱으로 실재하고 명확하며 상표 충돌 없음
Bike Tips	A	T	T	T	0.8	유지: 자전거 정비·안전 팁 콘텐츠로 App과 다른 제품이고 명확하며 중복·상표 충돌 없음
Biking Diary	A	T	T	T	0.8	유지: 라이딩 기록 일지로 실재 앱 카테고리이고 명확하며 중복·상표 충돌 없음
Biking Video	A	T	T	T	0.8	유지: 라이딩 가이드 영상 서비스로 명확하고 배치 내 중복 없음·상표 충돌 없음
Birdwatching App	A	T	T	T	0.8	유지: 조류 관찰 기록·동정 앱으로 실재 카테고리이고 eBird 등과도 명칭 충돌 없으며 명확·중복 없음
Birdwatching Diary	A	T	T	T	0.7	유지: 관찰 일지 형식 제품으로 Tracker(기록 추적 도구)와 별개 제품이며 명확·상표 충돌 없음
Birdwatching Review	A	T	T	T	0.7	유지: 관찰 장비·투어 리뷰 콘텐츠로 Tips·Video와 다른 제품이고 실재 장르라 명확하며 상표 충돌 없음
Birdwatching Tips	A	T	T	T	0.8	유지: 관찰 팁 콘텐츠로 App과 다른 제품이고 명확하며 중복·상표 충돌 없음
Birdwatching Tracker	A	T	T	T	0.7	유지: 관찰 기록 추적 도구로 실재하고 Diary와는 별개 제품이며 eBird 등 유명 서비스와 명칭 충돌 없음
Birdwatching Video	A	T	T	T	0.8	유지: 관찰 영상 콘텐츠 서비스로 명확하고 배치 내 중복 없음·상표 충돌 없음
Bolt App	A	T	T	T	0.65	유지: 볼트 체결·도어 하드웨어 관리 앱으로 보안 도메인에서 실재 서비스가 형성되고 유명 Bolt는 모빌리티라 이 도메인 상표 충돌 아님, 다만 일반 독자 혼동 가능성에 낮은 확신
Bolt Tips	A	T	T	T	0.7	유지: 볼트·도어 하드웨어 시공 팁 콘텐츠로 App과 다른 제품이고 이 도메인에서 상표 충돌 없음
Braces App	A	T	T	T	0.8	유지: 교정 장치 착용·관리 앱으로 실재하고 명확하며 상표 충돌 없음
Braces Tips	A	T	T	T	0.8	유지: 교정 관리 팁 콘텐츠로 App과 다른 제품이고 명확하며 중복·상표 충돌 없음
Brand App	A	T	T	T	0.8	유지: 브랜드 자산 관리 앱으로 실재하고 명확하며 상표 충돌 없음
Brand Tips	A	T	T	T	0.8	유지: 브랜딩 팁 콘텐츠로 App과 다른 제품이고 명확하며 중복·상표 충돌 없음
Broker App	A	T	T	T	0.8	유지: 보험 중개 거래·고객 관리 앱으로 실재하고 명확하며 상표 충돌 없음
Broker Tips	A	T	T	T	0.8	유지: 중개업 영업 팁 콘텐츠로 App과 다른 제품이고 명확하며 중복·상표 충돌 없음
Brunch App	A	T	T	T	0.7	유지: 브런치 카페 검색·예약 앱으로 실재하고 명확하며 동명 카카오 브런치는 출판 도메인이라 이 업계 충돌 아님
Brunch Tips	A	T	T	T	0.8	유지: 브런치 맛집·메뉴 팁 콘텐츠로 App과 다른 제품이고 명확하며 중복·상표 충돌 없음
Bumper App	A	T	T	T	0.8	유지: 범퍼 수리 견적 앱으로 실재하고 명확하며 상표 충돌 없음
Bumper Tips	A	T	T	T	0.8	유지: 범퍼 수리 팁 콘텐츠로 App과 다른 제품이고 명확하며 중복·상표 충돌 없음
Calibration App	A	T	T	T	0.8	유지: 측정기 교정 이력 관리 앱으로 실재하고 명확하며 상표 충돌 없음
Calibration Tips	A	T	T	T	0.8	유지: 교정 실무 팁 콘텐츠로 App과 다른 제품이고 명확하며 중복·상표 충돌 없음
Campaign App	A	T	T	T	0.8	유지: 기부·마케팅 캠페인 운영 관리 앱으로 실재하고 명확하며 상표 충돌 없음
Campaign Tips	A	T	T	T	0.8	유지: 캠페인 기획 팁 콘텐츠로 App과 다른 제품이고 명확하며 중복·상표 충돌 없음
Camping App	A	T	T	T	0.85	유지: 캠핑장 검색·예약 앱으로 실재하고 명확하며 상표 충돌 없음
Camping Diary	A	T	T	T	0.85	유지: 캠핑 경과·장소 기록 일지는 여행 업계의 실재 일기형 앱 카테고리로 명확하고 배치 내 다른 Camping 계열과 산출물이 달라 중복 아니며 상표 충돌 없음
Camping Review	A	T	T	T	0.82	유지: 캠핑장 리뷰 콘텐츠는 The Dyrt류 실재 장르로 명확하고 Diary·Video와는 별개 제품이며 상표 충돌 없음
Camping Tips	A	T	T	T	0.82	유지: 캠핑 팁 콘텐츠는 대중적 실재 장르로 명확하고 Campsite Tips와는 앵커(활동 vs 장소)가 달라 실질 동일 상품 아니며 상표 충돌 없음
Camping Video	A	T	T	T	0.78	유지: 캠핑 영상 콘텐츠는 실재 장르로 명확하고 Review·Tips와 산출물이 달라 중복 아니며 상표 충돌 없음
Campsite App	A	T	T	T	0.85	유지: 캠핑장 검색·예약 앱은 Campspot류 실재 서비스형으로 명확하고 campsite는 범용 일반명사라 상표 충돌 없음
Campsite Tips	A	T	T	T	0.78	유지: 캠핑장 선택·이용 팁은 Camping Tips와 앵커가 다른 별개 콘텐츠로 성립하고 상표 충돌 없음
Candidate App	A	T	T	T	0.85	유지: HR 업계 채용 후보자 관리(ATS) 앱은 실재 서비스형으로 명확하고 상표 충돌 없음
Candidate Tips	A	T	T	T	0.78	유지: 채용·면접 진행 팁 콘텐츠는 App과 다른 산출물의 실재 장르로 명확하며 중복·상표 충돌 없음
Canyon Review	A	T	T	T	0.78	유지: 협곡 투어 리뷰는 여행 리뷰의 실재 하위 장르로 명확하고 배치 내 Review 중복 없으며 상표 충돌 없음
Canyon Video	A	T	T	T	0.78	유지: 협곡 투어 영상 콘텐츠는 Review와 매체가 다른 별개 제품으로 성립하고 상표 충돌 없음
Cargo App	A	T	T	T	0.82	유지: 운송 업계 화물 추적·관리 앱은 실재 카테고리로 명확하고 cargo는 범용 단어라 상표 충돌 없음
Cargo Tips	A	T	T	T	0.78	유지: 화물 운송 실무 팁 콘텐츠는 App과 다른 산출물로 성립하며 중복·상표 충돌 없음
Carrier App	A	T	T	T	0.68	유지: 보험에서 carrier는 보험사를 뜻하는 표준 용어로 대리점용 캐리어 관리·비교 앱이 실재 서비스로 성립하고 1차 사유의 물류 서술은 업계와 어긋나나 제목 자체는 보험 돔에서 명확하며 상표 충돌 없음
Carrier Tips	A	T	T	T	0.65	유지: 보험사 선택·약정 팁은 보험 대리점 대상 실재 콘텐츠로 성립하고 App과 다른 산출물이며 상표 충돌 없음
Catering App	A	T	T	T	0.82	유지: 이벤트 업계 케이터링 주문·운영 앱은 실재 카테고리로 명확하고 상표 충돌 없음
Catering Tips	A	T	T	T	0.78	유지: 케이터링 운영 팁 콘텐츠는 App과 다른 산출물의 실재 장르로 명확하며 중복·상표 충돌 없음
Channel App	A	T	T	T	0.78	유지: 파트너·판매채널 관리(PRM류) 앱은 실재 서비스형으로 명확하고 Channel Tips와는 별개 제품이며 상표 충돌 없음
Channel Tips	A	T	T	T	0.72	유지: 채널 운영 전략 팁은 채널 관리자 대상 실재 콘텐츠로 성립하고 App과 실질 동일 상품이 아니며 상표 충돌 없음
Chargeback App	A	T	T	T	0.82	유지: 금융 업계 차지백 대응 앱은 Chargeflow류 실재 카테고리로 명확하고 동일 명칭 유명 브랜드 없음
Chargeback Tips	A	T	T	T	0.78	유지: 차지백 예방·대응 팁은 판매자 대상 실재 콘텐츠이고 App과 다른 산출물로 중복 아니며 상표 충돌 없음
Chat App	A	T	T	T	0.78	유지: 고객 상담 채팅 앱은 카테고리 전체를 가리키는 범용 표현이라 특정 유명 브랜드와 혼동이 성립하지 않고 서비스형도 명확함
Chat Tips	A	T	T	T	0.75	유지: 고객 응대 채팅 스킬 팁은 실재 콘텐츠이고 Chat App과 다른 산출물로 중복 아니며 상표 충돌 없음
Checkin App	A	T	T	T	0.78	유지: 숙박 체크인 처리·관리 앱은 실재 서비스형으로 명확하고 Checkin 단독으로는 지배적 상표가 없음
Checkin Tips	A	T	T	T	0.7	유지: 프런트 체크인 운영 팁은 숙박 실무 대상 실재 콘텐츠로 성립하고 App과 다른 산출물이며 상표 충돌 없음
Checklist App	A	T	T	T	0.82	유지: 청소 업계 점검 체크리스트 작성·관리 앱은 실재 서비스형으로 명확하고 상표 충돌 없음
Checklist Tips	A	T	T	T	0.72	유지: 청소 체크리스트 구성 팁은 실재 콘텐츠이고 App과 다른 산출물로 중복 아니며 상표 충돌 없음
Chiller App	A	T	T	T	0.82	유지: HVAC 업계 냉동기(칠러) 점검·모니터링 앱은 실재 카테고리로 명확하고 상표 충돌 없음
Chiller Tips	A	T	T	T	0.78	유지: 칠러 유지보수 팁은 기술 실무 대상 실재 콘텐츠이고 App과 다른 산출물로 중복 아니며 상표 충돌 없음
Cholesterol Diary	A	T	T	T	0.85	유지: 콜레스테롤 수치·식이 기록 일지는 실재 헬스 일지형 앱으로 명확하고 중복·상표 충돌 없음
Cholesterol Video	A	T	T	T	0.75	유지: 콜레스테롤 관리 영상 가이드는 Diary와 매체가 다른 별개 제품의 실재 콘텐츠로 성립하며 상표 충돌 없음
Chord App	A	T	T	T	0.82	유지: 기타 코드 검색·학습 앱은 Ultimate Guitar류 실재 카테고리로 명확하고 Chord 단독으로는 유명 상표와 충돌 없음
Chord Tips	A	T	T	T	0.78	유지: 코드 연주 팁은 음악 학습 실재 콘텐츠이고 Chord App과 다른 산출물로 중복 아니며 상표 충돌 없음
Churn App	A	T	T	T	0.78	유지: 통신 업계 고객 이탈 분석·방지 앱은 실재 SaaS 카테고리로 명확하고 상표 충돌 없음
Churn Tips	A	T	T	T	0.75	유지: 이탈률 개선 팁은 실무 대상 실재 콘텐츠이고 Churn App과 다른 산출물로 중복 아니며 상표 충돌 없음
Circulation App	A	T	T	T	0.78	유지: 언론 업계 발행 부수·배포 관리 앱은 실재 서비스형으로 명확하고 상표 충돌 없음
Circulation Tips	A	T	T	T	0.7	유지: 발행·구독 운영 팁은 언론 실무 대상 실재 콘텐츠로 성립하고 App과 다른 산출물이며 상표 충돌 없음
Cistern App	A	T	T	T	0.72	유지: 저수조 수위·점검 관리 앱은 물탱크 모니터링 실재 서비스형으로 성립하고 상표 충돌 없음
Cistern Tips	A	T	T	T	0.7	유지: 저수조 유지관리 팁은 실재 콘텐츠이고 App과 다른 산출물로 중복 아니며 상표 충돌 없음
Claim App	A	T	T	T	0.82	유지: 보험 청구 접수·추적 앱은 실재 카테고리로 명확하고 Claim 단독으로는 충돌 브랜드가 없음
Claim Tips	A	T	T	T	0.78	유지: 보험금 청구 팁은 소비자 대상 실재 콘텐츠이고 Claim App과 다른 산출물로 중복 아니며 상표 충돌 없음
Classroom App	R	T	T	F	0.65	반박: 교육 도메인 최다 점유 제품인 구글 클래스룸과 앵커·제품군(앱)이 그대로 겹쳐 Toast App 상표 기각 선례와 동일한 혼동 우려가 실재함
Classroom Tips	A	T	T	T	0.72	유지: 수업 운영 팁은 소프트웨어 제품이 아닌 조언 콘텐츠라 구글 클래스룸과 제품 충돌이 성립하지 않고 실재 교육 콘텐츠 장르로 명확함
Clause App	A	T	T	T	0.78	유지: 법률 계약 조항 관리(조항 라이브러리) 앱은 실재 서비스형으로 명확하고 상표 충돌 없음
Clause Tips	A	T	T	T	0.7	유지: 계약 조항 작성 팁은 법무 실무 대상 실재 콘텐츠이고 App과 다른 산출물로 중복 아니며 상표 충돌 없음
Cleaning App	A	T	T	T	0.7	유지: 치과 업계에서 cleaning은 스케일링(치아 청소)을 가리켜 청소 예약·리마인더 앱이 실재 서비스로 성립하고 상표 충돌 없음
Cleaning Tips	A	T	T	T	0.78	유지: 치아 청소·관리 팁은 실재 콘텐츠 장르이고 Cleaning App과 다른 산출물로 중복 아니며 상표 충돌 없음
Climbing Diary	A	T	T	T	0.85	유지: 등반 기록 로그북은 클라이밍 커뮤니티의 실재 일지형으로 명확하고 중복·상표 충돌 없음
Climbing Guide	A	T	T	T	0.82	유지: 클라이밍 루트 가이드는 실재 카테고리로 명확하고 Diary·Video와 각각 다른 산출물로 중복 아님
Climbing Video	A	T	T	T	0.78	유지: 등반 기술 영상 콘텐츠는 실재 장르이고 Guide와 매체가 달라 중복 아니며 상표 충돌 없음
Compensation App	A	T	T	T	0.78	유지: 보험 업계 보상·산재 처리 관리 앱은 실재 서비스형으로 명확하고 상표 충돌 없음
Compensation Tips	A	T	T	T	0.72	유지: 보상 청구 실무 팁은 실재 콘텐츠이고 App과 다른 산출물로 중복 아니며 상표 충돌 없음
Complaint App	A	T	T	T	0.68	유지: 행사 참가자 민원 접수·처리 앱은 이벤트 운영 실재 서비스형으로 성립하고 상표 충돌 없음
Complaint Tips	A	T	T	T	0.68	유지: 행사 고충 대응 팁은 운영자 대상 실재 콘텐츠이고 App과 다른 산출물로 중복 아니며 상표 충돌 없음
Compost App	A	T	T	T	0.78	유지: 음식물 쓰레기·퇴비화 관리 앱은 실재 서비스형으로 명확하고 상표 충돌 없음
Compost Tips	A	T	T	T	0.78	유지: 퇴비화 실천 팁은 대중적 실재 콘텐츠이고 App과 다른 산출물로 중복 아니며 상표 충돌 없음
Concussion Diary	A	T	T	T	0.85	유지: 뇌진탕 증상·회복 기록 일지는 의료 현장에서 실제 쓰이는 일지형으로 명확하고 중복·상표 충돌 없음
Concussion Video	A	T	T	T	0.72	유지: 뇌진탕 처치·복귀 가이드 영상은 Diary와 매체가 다른 실재 콘텐츠로 성립하며 상표 충돌 없음
Conditioner App	R	F	T	T	0.6	반박: 살롱 업계에서 conditioner는 헤어 제품명이라 제품 추천 외에 앱으로 성립할 서비스가 불분명하고 1차 사유(에어컨 점검)도 업계와 불일치해 명확성 결함
Conditioner Tips	A	T	T	T	0.78	유지: 헤어 컨디셔너 선택·사용 팁은 대중적 실재 콘텐츠로 명확하고 App과 다른 산출물이며 상표 충돌 없음
Configuration App	A	T	T	T	0.78	유지: 인프라 설정·구성 관리 앱은 실재 SaaS 카테고리로 명확하고 상표 충돌 없음
Configuration Tips	A	T	T	T	0.72	유지: 설정 관리 팁은 기술 실무 대상 실재 콘텐츠이고 App과 다른 산출물로 중복 아니며 상표 충돌 없음
Consolidation App	A	T	T	T	0.78	유지: 물류 화물 통합 집하 앱은 실재 서비스형으로 명확하고 상표 충돌 없음
Consolidation Tips	A	T	T	T	0.7	유지: 화물 통합 전략 팁은 화주·포워더 대상 실재 콘텐츠로 성립하고 App과 다른 산출물이며 상표 충돌 없음
Constipation Diary	A	T	T	T	0.85	유지: 배변·식이 기록 일지는 의료적으로 표준인 배변일지 형식의 실재 서비스로 명확하고 중복·상표 충돌 없음
Constipation Video	A	T	T	T	0.72	유지: 변비 완화 운동·식이 영상은 Diary와 매체가 다른 실재 콘텐츠 장르로 성립하며 상표 충돌 없음
Constituent App	A	T	T	T	0.78	유지: 지자체 주민 민원·소통 앱은 실재 시민참여 카테고리로 명확하고 상표 충돌 없음
Constituent Tips	A	T	T	T	0.68	유지: 주민 소통 전략 팁은 공공 담당자 대상 실재 콘텐츠로 성립하고 App과 다른 산출물이며 상표 충돌 없음
Consumption App	A	T	T	T	0.82	유지: 에너지·자원 소비 추적 앱은 실재 카테고리로 명확하고 상표 충돌 없음
Consumption Tips	A	T	T	T	0.78	유지: 에너지 절약 팁은 대중적 실재 콘텐츠이고 App과 다른 산출물로 중복 아니며 상표 충돌 없음
Contact App	A	T	T	T	0.78	유지: 연락처·고객 관리 앱은 실재 카테고리로 명확하고 Contact 단독으로는 유명 상표와 충돌 없음
Contact Tips	A	T	T	T	0.68	유지: 고객 접촉·아웃리치 팁은 영업 실무 실재 콘텐츠로 성립하고 App과 다른 산출물이며 상표 충돌 없음
Content App	A	T	T	T	0.78	유지: 콘텐츠 기획·발행 관리 앱은 실재 카테고리로 명확하고 상표 충돌 없음
Content Tips	A	T	T	T	0.78	유지: 콘텐츠 마케팅 팁은 대표적 실재 콘텐츠 장르이고 App과 다른 산출물로 중복 아니며 상표 충돌 없음
Coping App	R	F	T	T	0.6	반박: 수영장 업계에서도 coping은 가장자리 시공 재료라 앱으로 성립할 서비스가 불분명하고 1차 사유(스트레스 대처)도 업계와 불일치해 명확성 결함
Coping Tips	A	T	T	T	0.75	유지: 수영장 코핑(가장자리 마감) 보수·관리 팁은 업계 실재 콘텐츠로 명확하고 App과 달리 성립하며 상표 충돌 없음
Copyright App	A	T	T	T	0.78	유지: 저작물 등록·로열티 관리 앱은 실재 서비스형으로 명확하고 Copyright 단독으로는 충돌 브랜드가 없음
Copyright Calendar	A	T	T	T	0.85	유지: 저작권 등록·갱신 기한을 관리하는 법률 일정 도구로 조합이 실재하고 같은 앵커 Tips/Tracker와 제품이 다르며 상표 충돌 없음
Copyright Tips	A	T	T	T	0.8	유지: 저작권 실무·보호 팁 콘텐츠로 명확하고 Calendar/Tracker와는 각각 다른 제품
Copyright Tracker	A	T	T	T	0.85	유지: 저작물 사용·기한 추적 도구로 명확하며 배치 내 동일 앵커 기능어 중복 없음
Counteroffer App	A	T	T	T	0.85	유지: 부동산 매매 반제안을 관리하는 앱으로 실재하는 트랜잭션 관리 형태이며 상표 충돌 없음
Counteroffer Tips	A	T	T	T	0.8	유지: 협상 반제안 팁 콘텐츠로 명확하고 App과는 다른 제품이라 병존 가능
Court Certification	A	T	T	T	0.75	유지: 법원 인증 서류 발급·관리는 실재 법률 실무이고 인증서라는 구체 산출물을 지시해 명확
Court Handbook	A	T	T	T	0.8	유지: 법원 절차 참고 핸드북으로 명확하고 같은 앵커 Tutorial은 학습용·참고서로 다른 제품
Court Timetable	A	T	T	T	0.85	유지: 법원 일정·기한 시간표 관리 도구로 명확하며 배치 내 동일 앵커 일정 계열 중복 없음
Court Tutorial	A	T	T	T	0.8	유지: 법원 절차 학습 튜토리얼로 명확하고 Handbook과 단계 학습형·참고서형으로 구분되는 제품
Cover App	A	T	T	T	0.8	유지: 채용용 커버레터 작성·관리 앱으로 리크루팅 맥락에서 Cover가 가리키는 대상이 명확
Cover Tips	A	T	T	T	0.8	유지: 커버레터 작성 팁 콘텐츠로 명확하고 App과 다른 제품
Credential App	A	T	T	T	0.85	유지: 자격 증명·인증서 관리 앱은 보안 업계 실재 카테고리이며 유명 상표와 충돌 없음
Credential Tips	A	T	T	T	0.8	유지: 자격 증명 보안 수칙 팁 콘텐츠로 명확
Crew App	A	T	T	T	0.8	유지: 항공 크루 스케줄·인력 관리 앱은 실재 카테고리이고 동명 소규모 브랜드는 타 도메인이라 충돌 아님
Crew Tips	A	T	T	T	0.8	유지: 크루 운영 팁 콘텐츠로 명확하고 App과 다른 제품
Crop App	A	T	T	T	0.85	유지: 작물 재배 관리 앱은 농업 실재 카테고리
Crop Tips	A	T	T	T	0.85	유지: 작물 재배 팁은 매우 일반적인 콘텐츠 형태로 명확
Crossdock App	A	T	T	T	0.8	유지: 크로스도킹 물류 처리 관리 앱은 실재 업무이며 물류 독자가 짐작 가능
Crossdock Tips	A	T	T	T	0.75	유지: 크로스도킹 운영 팁 콘텐츠로 업계 맥락에서 명확
Cruise App	A	T	T	T	0.85	유지: 크루즈 예약·일정 관리 앱은 실재 카테고리이고 자율주행 Cruise는 타 업계 종료 브랜드로 충돌 아님
Cruise Tips	A	T	T	T	0.85	유지: 크루즈 여행 팁은 대표적 콘텐츠 형태로 명확
Curriculum App	A	T	T	T	0.85	유지: 교육과정 설계·관리 앱은 보육·교육 실재 카테고리
Curriculum Tips	A	T	T	T	0.8	유지: 교육과정 기획 팁 콘텐츠로 명확
Curtain App	A	T	T	T	0.75	유지: 커튼클리닝 예약·관리 앱으로 청소 업계의 실재 하위 서비스가 형성되어 명확
Curtain Tips	A	T	T	T	0.75	유지: 커튼 관리·세탁 팁 콘텐츠로 청소 업계에서 명확
Custody History	A	T	T	T	0.7	유지: 양육·사건 기록 이력 조회 제품으로 Custody Timeline(절차 경과 시각화)과 산출물·용도가 구분된다고 판단했으나 동의어 인접성이 있어 신뢰도는 낮춤
Custody Order	A	T	T	T	0.75	유지: 양육 명령서 문서 관리는 실재 법률 문서 기반이며 절차 명사 선례와 평행
Custody Petition	A	T	T	T	0.75	유지: 양육권 신청서 절차 관리로 실재 법률 문서 기반이고 Order와는 별개 문서
Custody Plan	A	T	T	T	0.8	유지: 공동양육 플랜 수립 도구는 실재 서비스 형태(공동양육 앱 카테고리)로 명확
Custody Reminder	A	T	T	T	0.8	유지: 양육 일정·기한 알림은 실재이며 배치 내 동일 앵커 알림 계열 중복 없음
Custody Timeline	A	T	T	T	0.7	유지: 양육 절차 경과 기록 제품으로 Custody History(이력 조회)와 구분된다고 판단했으나 동의어 인접성이 있어 신뢰도는 낮춤
Customs App	A	T	T	T	0.85	유지: 관세 신고·통관 조회 앱은 해상물류 실재 카테고리
Customs Tips	A	T	T	T	0.8	유지: 통관·수출입 팁 콘텐츠로 명확
Damage App	A	T	T	T	0.8	유지: 이사 파손 접수·정산 관리 앱은 실재 업무 흐름
Damage Tips	A	T	T	T	0.75	유지: 파손 예방·처리 팁 콘텐츠로 명확
Deadbolt App	A	T	T	T	0.85	유지: 스마트 데드볼트 제어 앱은 보안·도어락 실재 카테고리
Deadbolt Tips	A	T	T	T	0.8	유지: 도어락·보안 팁 콘텐츠로 명확
Debit App	A	T	T	T	0.8	유지: 체크카드 지출 관리 앱은 금융 실재 카테고리이며 유명 핀테크 상표와 충돌 없음
Debit Tips	A	T	T	T	0.75	유지: 체크카드 사용 팁 콘텐츠로 명확
Deduction App	A	T	T	T	0.85	유지: 세금 공제 계산·관리 앱은 인사·급여 실재 카테고리
Deduction Tips	A	T	T	T	0.8	유지: 공제 활용 팁은 대표적 금융 콘텐츠 형태로 명확
Defect App	A	T	T	T	0.85	유지: 제품 결함 추적 앱은 제조 품질관리 실재 카테고리
Defect Tips	A	T	T	T	0.75	유지: 결함 감소 팁 콘텐츠로 명확
Dialect App	A	T	T	T	0.8	유지: 방언 학습·사전 앱은 통번역 교육의 실재 형태
Dialect Tips	A	T	T	T	0.75	유지: 방언 학습 팁 콘텐츠로 명확
Diaper App	A	T	T	T	0.8	유지: 기저귀 교환 기록·재고 알림 앱은 육아 트래커의 실재 기능
Diaper Tips	A	T	T	T	0.8	유지: 기저귀 사용 팁은 대표적 육아 콘텐츠로 명확
Dine App	A	T	T	T	0.8	유지: 외식 예약·관리 앱은 실재 카테고리이고 동명 해외 소규모 앱은 타 목적이라 충돌 아님
Dine Tips	A	T	T	T	0.75	유지: 외식·레스토랑 팁 콘텐츠로 명확
Discovery App	A	T	T	T	0.8	유지: 법률 증거개시(discovery) 문서 관리 앱으로 업계 맥락에서 의미가 명확하고 방송사 Discovery는 타 도메인이라 충돌 아님
Discovery Tips	A	T	T	T	0.75	유지: 증거개시 절차 팁 콘텐츠로 법률 실무에서 명확
Diving Diary	A	T	T	T	0.85	유지: 다이빙 로그 일지는 실재 카테고리이며 배치 내 동일 앵커 Journal 중복 없음
Diving Forecast	A	T	T	T	0.8	유지: 다이빙 해양 컨디션 예보는 실재 서비스 형태로 명확
Diving Guide	A	T	T	T	0.85	유지: 다이빙 스팟 가이드는 대표적 콘텐츠 형태
Diving Video	A	T	T	T	0.8	유지: 다이빙 강습 영상으로 구체 산출물을 지시하며 Guide와 매체가 다른 제품
Divorce Alert	R	T	F	T	0.75	반박: 같은 앵커의 Divorce Reminder와 기능어 Alert/Reminder가 모두 절차 기한 알림 제품을 가리키고 1차 사유도 둘 다 절차 기한 알림으로 동일 기술하므로 실질 동일 상품으로 Alert 쪽을 중복 판정
Divorce Calendar	A	T	T	T	0.85	유지: 이혼 절차 기한·일정 관리로 명확하고 알림 계열 중복으로 뒤집힌 Divorce Alert과 달리 달력 제품 자체
Divorce Journal	A	T	T	T	0.8	유지: 이혼 과정 기록 저널은 실재 셀프헬프 형태이며 배치 내 동일 앵커 Diary 중복 없음
Divorce Order	A	T	T	T	0.75	유지: 법원 명령 이행 관리는 실재 법률 문서 기반이며 Divorce Petition과 별개 문서
Divorce Petition	A	T	T	T	0.8	유지: 이혼 신청서 절차 관리로 실재 법률 문서 기반이고 Order와 별개 문서
Divorce Playbook	A	T	T	T	0.8	유지: 이혼 절차 대응 전략 가이드로 명확하며 배치 내 동일 앵커 가이드류 중복 없음
Divorce Reminder	A	T	T	T	0.85	유지: 절차 기한 알림 관리로 선례(Custody/Notary Reminder)가 확실하고 이번 중복 판정은 Alert 쪽에 부여해 유지
Divorce Timeline	A	T	T	T	0.7	유지: 절차 단계 경과 표시 제품으로 Divorce Calendar(날짜·기한 관리)와 실질 다른 제품이라 판단했으나 1차 사유가 동일 문구라 신뢰도는 낮춤
Downtime App	A	T	T	T	0.85	유지: 설비 다운타임 추적 앱은 제조 실재 카테고리
Downtime Tips	A	T	T	T	0.75	유지: 다운타임 감소 팁 콘텐츠로 명확
Drain App	A	T	T	T	0.8	유지: 배수 시설 점검·관리 앱은 배관 업계 실재 업무
Drain Tips	A	T	T	T	0.75	유지: 배수관 관리 팁 콘텐츠로 명확
Drayage App	A	T	T	T	0.8	유지: 컨테이너 드레이지 운송 관리는 물류 실재 업무이며 전용 관리 소프트웨어 카테고리가 존재
Drayage Tips	A	T	T	T	0.75	유지: 드레이지 운영 팁으로 도메인이 좁지만 물류 독자에게는 명확
Drum App	A	T	T	T	0.85	유지: 드럼 레슨·연습 앱은 음악 교육 실재 카테고리
Drum Tips	A	T	T	T	0.85	유지: 드럼 연주 팁은 대표적 콘텐츠 형태로 명확
Ductless App	A	T	T	T	0.8	유지: 덕트리스 미니스플릿 시공·관리 앱은 HVAC 실재 카테고리이고 Ductwork와 대상 설비가 다른 제품
Ductless Tips	A	T	T	T	0.75	유지: 미니스플릿 설치·관리 팁 콘텐츠로 명확
Ductwork App	A	T	T	T	0.8	유지: 덕트 시공·점검 관리 앱은 HVAC 실재 업무
Ductwork Tips	A	T	T	T	0.75	유지: 덕트 관리 팁 콘텐츠로 명확
Eczema Checker	A	T	T	T	0.85	유지: 습진 증상 체크 도구로 Checker 선례와 평행이며 유명 상표 충돌 없음
Eczema Diary	A	T	T	T	0.80	유지: 습진 일일 증상 기록 일지로 제품이 실재하고, 같은 배치 Eczema Record와는 매일 성찰형 일지 vs 치료 경과 기록물로 실질 다른 상품이라 중복 성립하지 않으며 상표 충돌 없음
Eczema Guide	A	T	T	T	0.85	유지: 습진 관리 지침 콘텐츠로 Guide가 구체 산출물을 지시하고 Diary·Record(기록)·Video(영상)와 제품 형태가 달라 중복 없음, 상표 무충돌
Eczema Helper	A	T	T	T	0.75	유지: 습진 관리 보조 도구로 Psoriasis/Arthritis Helper 업계 선례와 동일 패턴이고 Guide(콘텐츠)·Diary(기록)와 달리 상호작용 도구라 별개 상품
Eczema Record	A	T	T	T	0.72	유지: 습진 증상·치료 경과 기록 관리로 제품이 성립하고 Eczema Diary는 자기 성찰형 일지로 대상·용도가 구별되는 별개 상품이라 중복 아님
Eczema Video	A	T	T	T	0.78	유지: 습진 치료·관리 교육 영상 콘텐츠로 Guide(문서)와 형식이 다른 별개 상품이고 상표 문제 없음
Editor App	A	T	T	T	0.80	유지: 문서·이미지 편집 앱은 실재하는 대표 제품군이고 Editor는 일반 명사라 Microsoft Editor 등과도 혼동을 일으킬 이름이 아님
Editor Tips	A	T	T	T	0.80	유지: 편집 노하우 조언 콘텐츠로 Editor App(도구)과 다른 제품이며 Tips 관용구 자체로 대상이 명확함
Equipment App	A	T	T	T	0.85	유지: 광산 장비 대여·정비 관리 앱은 실재 제품이고 Equipment는 일반 명사라 상표 충돌 없음
Equipment Tips	A	T	T	T	0.82	유지: 장비 운용·정비 팁 콘텐츠로 Equipment App과 다른 상품이고 채굴 업계 독자가 대상을 바로 짐작함
Equity App	A	T	T	T	0.78	유지: 부동산 지분·홈에쿼티 관리 앱으로 real_estate 업계 독자가 짐작 가능한 실재 제품이고 지명 상표 충돌 없음
Equity Tips	A	T	T	T	0.80	유지: 부동산 지분 활용 조언 콘텐츠로 Equity App과 제품 형태가 다르고 명확성·상표 기준 모두 결함 없음
Estimate App	A	T	T	T	0.85	유지: 조경 공사 견적 산정·발행 앱은 실재하며 Quote App과 동일 선례가 있고 일반 명사 조합이라 상표 무충돌
Estimate Tips	A	T	T	T	0.82	유지: 견적 작성 노하우 콘텐츠로 Estimate App(도구)과 다른 상품이고 조경 업계 독자에게 명확함
Exam App	A	T	T	T	0.80	유지: 수의 시험·검진 일정 관리 앱으로 실재 제품이 성립하고 ExamSoft/Examity 등과 이름이 달라 상표 무충돌
Exam Tips	A	T	T	T	0.82	유지: 시험 준비 팁 콘텐츠로 Exam App과 다른 상품이며 세 기준 모두 결함 없음
Excavation App	A	T	T	T	0.85	유지: 굴착 공사 일정·장비 관리 앱은 실재 제품군이고 일반 기술 용어 조합이라 상표 충돌 없음
Excavation Tips	A	T	T	T	0.82	유지: 굴착 시공 팁 콘텐츠로 Excavation App과 다른 상품이고 대상과 기능의 결합이 자연스러움
Expense App	A	T	T	T	0.85	유지: 경비 지출 처리 앱은 대표적 실재 제품군이고 Expensify와 유사하지 않은 일반 명사 조합
Expense Tips	A	T	T	T	0.82	유지: 경비 관리·절약 팁 콘텐츠로 Expense App과 다른 상품이고 명확·무중복·무상표
Expiration App	A	T	T	T	0.85	유지: 약품 유통기한 추적 앱은 약국 실무에 실재하는 제품이고 Expiration이 가리키는 대상이 구체적
Expiration Tips	A	T	T	T	0.75	유지: 유통기한 임박 재고 관리 요령 콘텐츠로 약국 실무 대상이 성립하고 Expiration App과 다른 상품
Facial App	A	T	T	T	0.80	유지: 페이셜 시술 예약 관리 앱은 살롱 실무에 실재하고 Facial이 시술을 정확히 지시해 명확함
Facial Tips	A	T	T	T	0.82	유지: 페이셜·스킨케어 팁 콘텐츠로 Facial App과 다른 상품이고 상표 충돌 없음
Fence App	A	T	T	T	0.85	유지: 울타리 시공 견적·예약 앱은 실재하고 Fence가 대상을 정확히 지시해 명확함
Fence Tips	A	T	T	T	0.82	유지: 울타리 시공·유지 팁 콘텐츠로 Fence App과 다른 상품이고 세 기준 통과
Fertility Diary	A	T	T	T	0.85	유지: 배란·가임기 기록 일지는 실재 대표 제품군이고 Fertility Guide·Video와 제품 형태가 다름
Fertility Guide	A	T	T	T	0.85	유지: 불임 치료·가임 관리 지침 콘텐츠로 명확하고 Diary(기록)·Video(영상)와 실질 다른 상품
Fertility Video	A	T	T	T	0.80	유지: 가임·치료 교육 영상 콘텐츠로 Guide와 형식이 다른 별개 상품이며 상표 무충돌
Fertilizer App	A	T	T	T	0.85	유지: 비료 시비 계산·관리 앱은 농업 실무에 실재하고 Fertilizer가 대상을 정확히 지시
Fertilizer Tips	A	T	T	T	0.82	유지: 시비 요령 팁 콘텐츠로 Fertilizer App과 다른 상품이고 농업 독자에게 즉시 이해됨
Fieldtrip App	A	T	T	T	0.82	유지: 현장학습 계획·보호자 동의 관리 앱은 실재 제품이고 Fieldtrip이 대상을 정확히 지시
Fieldtrip Tips	A	T	T	T	0.78	유지: 현장학습 준비·운영 팁 콘텐츠로 Fieldtrip App과 다른 상품이고 명확성 충분
Firewall App	A	T	T	T	0.85	유지: 방화벽 설정·관리 앱은 보안 실무에 실재하고 일반 기술 용어 조합이라 상표 무충돌
Firewall Tips	A	T	T	T	0.82	유지: 방화벽 운영·보안 설정 팁 콘텐츠로 Firewall App과 다른 상품이고 결함 없음
Fishing App	A	T	T	T	0.85	유지: 낚시 기록·포인트 공유 앱은 Fishbrain류 실재 제품군이고 이름 자체는 일반 명사라 무충돌
Fishing Diary	A	T	T	T	0.85	유지: 조황·포인트 기록 일지는 실재하고 Fishing App은 통합 도구, Tips는 조언, Video는 영상으로 모두 별개 상품
Fishing Tips	A	T	T	T	0.82	유지: 낚시 기법·채비 팁 콘텐츠로 Fishing App과 다른 상품이고 명확성 충분
Fishing Video	A	T	T	T	0.80	유지: 낚시 기법 영상 콘텐츠로 Tips(글)와 형식이 다른 별개 상품이며 상표 무충돌
Fjord Review	A	T	T	T	0.75	유지: 피오르 투어·크루즈 후기 콘텐츠로 Review 관용구가 성립하고 Fjord Video와 형식이 다른 상품
Fjord Video	A	T	T	T	0.78	유지: 피오르 풍경·투어 영상 콘텐츠로 실관광 수요의 형식이고 Review와 별개 상품
Fleet App	A	T	T	T	0.82	유지: 항공 장비 관제 관리 앱은 실재하고 Google Fleet Engine과 이름·업계(물류 차량)가 달라 혼동 없음
Fleet Tips	A	T	T	T	0.80	유지: 플릿 운영 팁 콘텐츠로 Fleet App과 다른 상품이고 세 기준 통과
Fob App	A	T	T	T	0.80	유지: 출입 키 포브 발급·관리 앱은 도어보안 실무에 실재하고 Fob이 해당 업계에서 정확한 대상 지시
Fob Tips	A	T	T	T	0.75	유지: 키 포브 프로그래밍·관리 요령 콘텐츠로 Fob App과 다른 상품이고 자물쇠 업계 독자에게 명확함
Foreclosure App	A	T	T	T	0.85	유지: 경매·압류 물건 검색 관리 앱은 실재 제품군이고 Foreclosure이 대상을 정확히 지시
Foreclosure Tips	A	T	T	T	0.82	유지: 경매 투자·회피 팁 콘텐츠로 Foreclosure App과 다른 상품이고 상표 무충돌
Forwarder App	A	T	T	T	0.82	유지: 화물 포워딩 처리 관리 앱은 물류 실무에 실재하고 Forwarder가 업계 용어로 정확함
Forwarder Tips	A	T	T	T	0.80	유지: 포워딩 운임·서류 요령 콘텐츠로 Forwarder App과 다른 상품이고 명확성 충족
Fracture Diary	A	T	T	T	0.85	유지: 골절 재활 경과 기록 일지는 실재 제품이고 Fracture Video(영상)와 별개 상품
Fracture Video	A	T	T	T	0.78	유지: 골절 재활 운동 영상 콘텐츠로 Diary와 형식이 다르고 상표 충돌 없음
Fulfillment App	A	T	T	T	0.85	유지: 주문 풀필먼트 추적 관리 앱은 이커머스 실무에 실재하는 대표 제품군이고 상표 무충돌
Fulfillment Tips	A	T	T	T	0.82	유지: 풀필먼트 비용·프로세스 절감 팁 콘텐츠로 Fulfillment App과 다른 상품
Fundraising App	A	T	T	T	0.85	유지: 모금 캠페인 개설·관리 앱은 비영리 실무에 실재하고 일반 명사 조합이라 무충돌
Fundraising Tips	A	T	T	T	0.82	유지: 모금 전략 팁 콘텐츠로 Fundraising App과 다른 상품이고 명확·무중복
Garment App	A	T	T	T	0.80	유지: 의류 수선·관리 이력 앱은 세탁 업계 실무에 성립하고 Garment가 대상을 정확히 지시
Garment Tips	A	T	T	T	0.78	유지: 옷 관리·보관 팁 콘텐츠로 Garment App과 다른 상품이고 세 기준 통과
Garnishment Tips	A	T	T	T	0.78	유지: 급여 압류 처리 절차 팁 콘텐츠로 HR 실무 대상이 성립하고 이번 배치에 동일 앵커 중복이 없음
Geyser Predictor	A	T	T	T	0.82	유지: 간헐천 분출 시각 예측 도구는 Old Faithful류 실재 제품이고 Predictor가 구체 기능을 지시
Geyser Review	A	T	T	T	0.72	유지: 간헐천 관람 투어 후기 콘텐츠로 Review 관용구가 성립하고 Geyser Video와 형식이 다른 별개 상품
Geyser Video	A	T	T	T	0.78	유지: 간헐천 분출 영상 콘텐츠로 실검색 수요의 형식이며 Predictor·Review와 별개 상품
Glamping App	A	T	T	T	0.82	유지: 글램핑장 검색·예약 앱은 실재 제품군이고 Glamping Hub와 이름이 달라 혼동 없음
Glamping Review	A	T	T	T	0.78	유지: 글램핑 숙소 후기 콘텐츠로 App·Tips·Video와 형식이 모두 다른 별개 상품
Glamping Tips	A	T	T	T	0.80	유지: 글램핑 준비·예약 팁 콘텐츠로 Glamping App과 다른 상품이고 명확성 충족
Glamping Video	A	T	T	T	0.75	유지: 글램핑장 소개 영상 콘텐츠로 Review(글)와 형식이 다른 별개 상품이며 상표 무충돌
Golf App	A	T	T	T	0.85	유지: 골프 스코어·부킹 관리 앱은 실재 대표 제품군이고 일반 명사 조합이라 무충돌
Golf Diary	A	T	T	T	0.82	유지: 라운드·스코어 기록 일지는 실재하고 Golf App은 도구, Tips는 조언, Video는 영상으로 별개 상품
Golf Tips	A	T	T	T	0.82	유지: 스윙·코스 관리 팁 콘텐츠로 Golf App과 다른 상품이고 세 기준 통과
Golf Video	A	T	T	T	0.80	유지: 골프 레슨 영상 콘텐츠로 Tips(글)와 형식이 다른 별개 상품이며 상표 무충돌
Grievance App	A	T	T	T	0.82	유지: 민원·직장 고충 접수 처리 관리 앱은 HR 실무에 실재하고 Grievance가 절차를 정확히 지시
Grievance Tips	A	T	T	T	0.80	유지: 고충 처리 절차·대응 팁 콘텐츠로 Grievance App과 다른 상품이고 명확성 충족
Grooming App	A	T	T	T	0.85	유지: 반려동물 미용 예약 관리 앱은 실재 제품이고 Grooming이 수의 업계에서 대상을 정확히 지시
Grooming Tips	A	T	T	T	0.82	유지: 반려동물 그루밍 팁 콘텐츠로 Grooming App과 다른 상품이고 상표 무충돌
Guardianship Nomination	A	T	T	T	0.70	유지: 후견인 지정 서류 준비·관리는 실재하는 법률 문서 업무로 Nomination이 Immigration Petition 선례처럼 구체 법률 행위를 지시해 명확하고(과거 반박된 Guardianship Number와 달리 결합이 성립) 중복·상표 결함 없음
Haulage App	A	T	T	T	0.82	유지: 광산 화물 운송 관리 앱은 실재 제품이고 Haulage가 채굴 업계 용어로 정확함
Haulage Tips	A	T	T	T	0.78	유지: 운송·하역 안전 요령 팁 콘텐츠로 Haulage App과 다른 상품이고 명확성 충족
Headlight App	A	T	T	T	0.82	유지: 헤드라이트 교체·수리 서비스 예약 앱은 자동차 관리 실재 제품이고 Windshield App 승인 선례와 동일 패턴
Headlight Tips	A	T	T	T	0.8	유지: 헤드라이트 관리·교체 팁 콘텐츠로 자동차 업계에서 명확한 실재 형태이고 중복·상표 근거 없음
Heartburn Diary	A	T	T	T	0.85	유지: 속쓰림 발생·유발 요인 기록 일지로 명확한 실재 형태이고 동일 앵커 Video와 기능어가 달라 중복 아님
Heartburn Video	A	T	T	T	0.78	유지: 속쓰림 완화·식이 영상 가이드로 구체적 콘텐츠 서비스를 형성하며 Diary와 다른 제품이고 상표 없음
Hiking App	A	T	T	T	0.85	유지: 등산 코스·기록 관리 앱은 여행 업계 실재 제품군이고 세 기준 결함 없음
Hiking Tips	A	T	T	T	0.8	유지: 등산 팁 콘텐츠는 App과 다른 제품이고 명확성·상표 문제 없음
Honeymoon App	A	T	T	T	0.8	유지: 허니문 일정·예약 관리 앱으로 결혼 서비스 업계 실재 제품이고 결함 없음
Honeymoon Tips	A	T	T	T	0.8	유지: 허니문 준비 팁 콘텐츠로 App과 다른 제품이며 세 기준 통과
Hygiene App	A	T	T	T	0.8	유지: 치과 위생 리콜·점검 관리 앱은 던탈 업계 실재 제품군이고 반박 근거 없음
Hygiene Tips	A	T	T	T	0.8	유지: 위생 관리 팁 콘텐츠로 App과 다른 제품이고 명확하며 상표 근거 없음
Hypertension Diary	A	T	T	T	0.85	유지: 혈압 측정치 기록 일지로 명확한 실재 형태이고 Video와 다른 제품
Hypertension Video	A	T	T	T	0.78	유지: 고혈압 관리·생활 영상 가이드로 콘텐츠 서비스를 형성하고 Diary와 중복 아님
Immigration Advisory	A	T	T	T	0.78	유지: 이민 절차 자문·안내 콘텐츠로 법률 업계 명확한 제품이고 세 기준 통과
Immigration Brief	A	T	T	T	0.75	유지: 이민 뉴스 브리핑으로 동일 앵커 Bulletin(비자 공고 트래커)과 실질 다른 제품이며 결함 없음
Immigration Bulletin	A	T	T	T	0.75	유지: Visa Bulletin 공고 확인·요약 콘텐츠는 실재하는 별도 제품으로 Brief와 구분되고 정부 문서명이라 상표 충돌 아님
Immigration Extension	A	T	T	T	0.75	유지: 체류·비자 연기 신청 절차 관리로 Deadline형 절차 기능어가 실재 서비스를 형성하며 결함 없음
Immigration Kit	A	T	T	T	0.78	유지: 이민 서류 준비 키트로 구체적 산출물을 지시하고 중복·상표 근거 없음
Immigration Manual	A	T	T	T	0.78	유지: 이민 절차 안내 매뉴얼 콘텐츠로 명확하며 동일 앵커 타 기능어와 제품이 다름
Immigration Message	R	T	F	T	0.72	반박: 같은 배치 Immigration Notification과 동일 앵커에 Message/Notification 동의어 쌍이며 1차 사유 둘 다 알림 관리로 실질 동일 상품
Immigration Notification	A	T	T	T	0.75	유지: 이민 절차·사건 상태 알림 시스템이 Message보다 표준적 명칭이라 동의어 쌍의 대표로 유지
Immigration Petition	A	T	T	T	0.8	유지: 이민 신청서·청원서 작성 관리는 실재하는 업무 도구이고 세 기준 통과
Immigration Plan	A	T	T	T	0.75	유지: 비자 절차 로드맵·체크리스트 플래너로 실재 서비스를 형성하고 중복·상표 근거 없음
Incident App	A	T	T	T	0.8	유지: 요양시설 사고 보고·대응 관리 앱은 시니어케어 실재 제품군이고 반박 근거 없음
Incident Tips	A	T	T	T	0.8	유지: 사고 대응·예방 팁 콘텐츠로 App과 다른 제품이며 세 기준 통과
Insomnia Calculator	A	T	T	T	0.85	유지: 취침·기상 시간 계산기는 널리 실재하는 도구로 명확성이 뚜렷하고 결함 없음
Insomnia Checker	A	T	T	T	0.78	유지: 수면 질·불면 증상 자가 체크로 Calculator(시간 계산)와 다른 제품이며 상표 없음
Insomnia Diary	A	T	T	T	0.85	유지: 수면 기록 일지는 실재하는 대표 형태이고 세 기준 결함 없음
Insomnia Guide	A	T	T	T	0.8	유지: 불면 개선 가이드 콘텐츠로 명확하며 동일 앵커 타 도구와 제품이 다름
Insomnia Helper	A	T	T	T	0.78	유지: 수면 루틴 관리 도우미 앱으로 실재하는 카테고리이고 중복·상표 근거 없음
Insomnia Message	A	T	T	T	0.75	유지: 취침 루틴 리마인드 메시지로 동일 앵커에 Alert/Notification 형제 기능어가 없어 중복 아님
Insomnia Record	A	T	T	T	0.78	유지: 수면 기록물 관리로 Recorder(녹음 도구)와 기록물 vs 도구로 다른 제품
Insomnia Recorder	A	T	T	T	0.8	유지: 코골이·수면 중 소리 녹음기는 실재하는 앱 형태로 Record와 다른 제품이며 결함 없음
Insomnia Video	A	T	T	T	0.78	유지: 불면 개선 영상 가이드로 콘텐츠 서비스를 형성하고 중복·상표 근거 없음
Installment App	A	T	T	T	0.8	유지: 할부 결제 일정 관리 앱은 금융 업계 실재 제품이고 결함 없음
Installment Tips	A	T	T	T	0.8	유지: 할부 관리 팁 콘텐츠로 App과 다른 제품이며 세 기준 통과
Insulation App	A	T	T	T	0.8	유지: 단열 시공·점검 관리 앱은 건설 업계 실재 제품이고 반박 근거 없음
Insulation Tips	A	T	T	T	0.8	유지: 단열 시공 팁 콘텐츠로 App과 다른 제품이고 명확하며 상표 없음
Insulin App	A	T	T	T	0.75	유지: 인슐린 투여 기록 관리 앱으로 실재하며 Tracker는 용량 추적 특화로 별개 카테고리 유지
Insulin Diary	A	T	T	T	0.85	유지: 투여 기록 일지는 당뇨 관리 실재 형태이고 세 기준 결함 없음
Insulin Tips	A	T	T	T	0.8	유지: 인슐린 주입·보관 팁 콘텐츠로 App과 다른 제품이며 세 기준 통과
Insulin Tracker	A	T	T	T	0.78	유지: 투여량·주기 추적 도구로 App(포괄 관리)과 구분되는 실재 제품이고 결함 없음
Insulin Video	A	T	T	T	0.78	유지: 인슐린 주입법 교육 영상은 실재하는 콘텐츠 형태이고 중복·상표 없음
Insurance App	A	T	T	T	0.75	유지: 약국 보험 청구·자격 확인 앱은 실재하는 제품으로 약업계 맥락에서 명확
Insurance Tips	A	T	T	T	0.75	유지: 약국 보험 청구 팁 콘텐츠로 App과 다른 제품이며 결함 없음
Intermodal App	A	T	T	T	0.8	유지: 복합운송 화물 관리 앱은 물류 실재 제품이고 반박 근거 없음
Intermodal Tips	A	T	T	T	0.8	유지: 복합운송 운영 팁 콘텐츠로 App과 다른 제품이며 세 기준 통과
Interviewer Login	A	T	T	T	0.75	유지: 면접관이 일정·평가에 접속하는 포털 로그인은 채용 업계 실재하는 서비스 형태로 청중 명확
Invite App	A	T	T	T	0.8	유지: 초대장 제작·발송 관리 앱은 실재하는 제품이고 결함 없음
Invite Tips	A	T	T	T	0.8	유지: 초대장 작성 팁 콘텐츠로 App과 다른 제품이며 중복·상표 없음
Itinerary App	A	T	T	T	0.85	유지: 여행 일정 관리 앱은 실재하는 대표 제품이고 반박 근거 없음
Itinerary Tips	A	T	T	T	0.8	유지: 여행 일정 짜기 팁 콘텐츠로 App과 다른 제품이며 세 기준 통과
Jobsite App	A	T	T	T	0.8	유지: 건설 현장 관리 앱은 실재하는 제품군이고 jobsite는 해당 업계 일반 명사라 상표 충돌 없음
Jobsite Tips	A	T	T	T	0.8	유지: 현장 운영 팁 콘텐츠로 App과 다른 제품이며 결함 없음
Judge Timetable	A	T	T	T	0.75	유지: 재판 일정 캘린더 관리로 법원 일정 SaaS를 형성하고 중복·상표 근거 없음
Jury App	A	T	T	T	0.8	유지: 배심 통지·참석 관리 앱은 실재하는 제품이고 세 기준 결함 없음
Jury Calendar	A	T	T	T	0.75	유지: 배심 심리 일정 캘린더로 App의 통지 관리와 달리 일정 조회 특화라 별개 제품
Jury Tips	A	T	T	T	0.8	유지: 배심 참여 팁 콘텐츠로 App과 다른 제품이며 세 기준 통과
Jury Tracker	A	T	T	T	0.75	유지: 배심 참여 상태 추적 도구는 실재 형태이며 App은 포괄 관리로 구분돼 중복 아님
Kitten App	A	T	T	T	0.8	유지: 새끼 고양이 성장·예방접종 기록 앱은 수의업 실재 제품이고 결함 없음
Kitten Tips	A	T	T	T	0.8	유지: 새끼 고양이 돌봄 팁 콘텐츠로 App과 다른 제품이며 세 기준 통과
Knowledge App	A	T	T	T	0.8	유지: 지식 베이스 구축 앱은 고객지원 업계 실재 제품이고 knowledge는 일반 명사라 상표 없음
Knowledge Tips	A	T	T	T	0.8	유지: 지식 관리 모범 사례 팁 콘텐츠로 App과 다른 제품이며 결함 없음
Landmark App	A	T	T	T	0.8	유지: 랜드마크 안내·탐색 앱은 여행 실재 제품이고 반박 근거 없음
Landmark Tips	A	T	T	T	0.8	유지: 랜드마크 관광 팁 콘텐츠로 App과 다른 제품이며 세 기준 통과
Lane App	A	T	T	T	0.78	유지: 물류 노선·운송선 관리 앱은 실재 제품이고 lane은 업계 일반 명사로 상표 충돌 없음
Lane Tips	A	T	T	T	0.75	유지: 운송선 계약·운영 팁 콘텐츠로 App과 다른 제품이며 결함 없음
Lawsuit Alert	A	T	T	T	0.78	유지: 소송 일정 알림 시스템으로 동의어 알림 계열 쌍의 대표가 되는 명확한 실재 제품
Lawsuit Calendar	A	T	T	T	0.78	유지: 소송 일정 캘린더는 Timeline(단계 타임라인)과 달리 날짜 관리 특화로 별개 제품
Lawsuit Ledger	A	T	T	T	0.78	유지: 소송 비용 장부 관리로 구체적 도구를 형성하고 중복·상표 근거 없음
Lawsuit Map	A	T	T	T	0.78	유지: 소송 통계 지도 콘텐츠로 Map 관용구가 실재 서비스를 형성하며 결함 없음
Lawsuit Portal	A	T	T	T	0.78	유지: 소송 진행 확인 포털은 실재하는 접근 형태이고 중복·상표 없음
Lawsuit Reminder	R	T	F	T	0.72	반박: 같은 배치 Lawsuit Alert와 동일 앵커에 기한·일정 알림이라는 실질 동일 상품이며 Alert가 알림 계열 대표로 유지됨
Lawsuit Timeline	A	T	T	T	0.75	유지: 소송 절차 단계 타임라인 관리로 Calendar(날짜)와 다른 제품이며 결함 없음
Lawyer Calculator	A	T	T	T	0.8	유지: 변호사 수수료 계산기로 구체적 도구를 형성하고 중복·상표 근거 없음
Lawyer Deadline	A	T	T	T	0.85	유지: 법률 절차 기한 관리는 실재하는 대표 법률 SaaS 형태이고 세 기준 결함 없음
Lawyer Guide	A	T	T	T	0.8	유지: 법률 절차 안내 가이드 콘텐츠로 명확하며 동일 앵커 타 도구와 제품이 다름
Lawyer Kit	A	T	T	T	0.78	유지: 법률 문서 준비 키트로 구체적 산출물을 지시하며 중복·상표 근거 없음
Lawyer Markup	A	T	T	T	0.8	유지: 법률 문서 마크업·레드라인 도구는 실재하는 카테고리고 Markup이 구체적 업무 산출물을 지시해 legal 맥락에서 명확하며, 배치 내 동일 앵커 중복과 유명 브랜드 충돌 없음.
Lawyer Message	A	T	T	T	0.75	유지: 사건 진행을 클라이언트에게 안내하는 법률 사무소 메시징 앱은 실재하고, Lawyer Notification과는 안내 커뮤니케이션과 트리거 알림이라는 별개 제품 카테고리로 구분돼 중복 아님.
Lawyer Notification	A	T	T	T	0.75	유지: 법률 사건·기한 알림은 deadline tracking 소프트웨어로 실재하는 카테고리고, Lawyer Message와는 푸시 알림이라는 별개 전달·기능으로 구분돼 중복 아님, 브랜드 충돌 없음.
Lawyer Template	A	T	T	T	0.8	유지: 법률 문서 템플릿 관리는 실재하는 제품군이고 Template이 구체적 산출물을 지시해 명확하며, 배치 내 같은 앵커 중복과 유명 브랜드 충돌 없음.
Leak App	A	T	T	T	0.8	유지: 배관 누수 감지·신고 관리 앱은 실재하고 Leak이 plumbing 업계에서 즉시 이해되는 대상어며, Leak Tips는 App과 별개 제품(콘텐츠 대 서비스 도구)이라 중복 아님.
Leak Tips	A	T	T	T	0.8	유지: 누수 예방·대처 팁 콘텐츠는 Tips 관용구대로 명확하고, Leak App과는 콘텐츠와 앱이라는 별개 제품이며 브랜드 충돌 없음.
Liability App	A	T	T	T	0.8	유지: 배상책임 보험 관리 앱은 insurance 업계의 실재 제품형이고 Liability가 대상을 정확히 지시해 명확하며, 중복·브랜드 충돌 없음.
Liability Tips	A	T	T	T	0.8	유지: 배상책임 보험 가입·청구 팁 콘텐츠로 명확하고, Liability App과는 별개 제품이며 브랜드 충돌 없음.
Linguist App	A	T	T	T	0.8	유지: 통번역 인력 매칭·예약 앱은 interpreter_translation_services의 실재 제품형이고 Linguist가 업계 종사자를 정확히 지시하며, 중복·브랜드 충돌 없음.
Linguist Tips	A	T	T	T	0.8	유지: 통번역 실무 팁 콘텐츠로 명확하고, Linguist App과는 별개 제품(콘텐츠 대 매칭 도구)이며 브랜드 충돌 없음.
Listing App	A	T	T	T	0.8	유지: 매물 리스팅 관리 앱은 real_estate의 실재 제품군이고 Listing이 업계 핵심 용어라 명확하며, 중복·브랜드 충돌 없음.
Listing Tips	A	T	T	T	0.8	유지: 매물 등록·운영 팁 콘텐츠로 명확하고, Listing App과는 별개 제품이며 브랜드 충돌 없음.
Livestream App	A	T	T	T	0.7	유지: 이벤트 실시간 방송 송출 앱은 실재 제품이고 livestream은 일반 명사로 완전히 정착해 events 맥락에서 일반 의미로만 읽히며, 인수 후 축소된 옛 브랜드 Livestream과 실질 충돌은 없다.
Livestream Tips	A	T	T	T	0.8	유지: 라이브 방송 운영 팁 콘텐츠로 명확하고, Livestream App과는 별개 제품이며 livestream은 일반 명사라 브랜드 충돌 없음.
Lockout App	A	T	T	T	0.75	유지: 문 잠김 출동·출입 통제 관리 앱은 locksmith 업계의 실재 서비스 도구형이고 Lockout이 업계 상황을 정확히 지시하며, 중복·브랜드 충돌 없음.
Lockout Tips	A	T	T	T	0.8	유지: 잠김 상황 대처·예방 팁 콘텐츠로 명확하고, Lockout App과는 별개 제품이며 브랜드 충돌 없음.
Locksmith App	A	T	T	T	0.8	유지: 자물쇠·도어 수리 서비스 예약·관리 앱은 실재하고 Locksmith가 업계를 정확히 지시하며, Lockout과는 앵커·업계가 달라 중복 아님, 브랜드 충돌도 없음.
Locksmith Tips	A	T	T	T	0.8	유지: 자물쇠·도어 관리 팁 콘텐츠로 명확하고, Locksmith App과는 별개 제품이며 브랜드 충돌 없음.
Logistics App	A	T	T	T	0.8	유지: 행사 물류 관리 앱은 events 업계의 실재 제품형이고 Logistics가 기능 영역을 정확히 지시하며, 중복·브랜드 충돌 없음.
Logistics Tips	A	T	T	T	0.8	유지: 행사 물류 준비 팁 콘텐츠로 명확하고, Logistics App과는 별개 제품이며 브랜드 충돌 없음.
Loyalty App	A	T	T	T	0.8	유지: 세탁업 포인트·로열티 프로그램 관리 앱은 laundry_dry_cleaning의 실재 제품형이고 Loyalty가 기능을 정확히 지시하며, 중복·브랜드 충돌 없음.
Loyalty Tips	A	T	T	T	0.8	유지: 로열티 프로그램 운영 팁 콘텐츠로 명확하고, Loyalty App과는 별개 제품이며 브랜드 충돌 없음.
Mailbox App	A	T	T	T	0.8	유지: 입주민 우편함·우편물 관리 앱은 property_management의 실재 제품형(mailroom 소프트웨어)이고 Mailbox가 대상을 정확히 지시하며, 동명 옛 이메일 앱은 2015년 서비스 종료로 현재 충돌 없음.
Mailbox Tips	A	T	T	T	0.8	유지: 우편함 관리 팁 콘텐츠로 명확하고, Mailbox App과는 별개 제품이며 브랜드 충돌 없음.
Manuscript Tips	A	T	T	T	0.85	유지: 원고 집필·투고 팁 콘텐츠는 media_publishing에서 자연스러운 Tips 관용구이고, 배치 내 동일 앵커 조합과 유명 브랜드 충돌 없음.
Markdown App	A	T	T	T	0.75	유지: retail_ecommerce에서 markdown은 가격 인하를 뜻하는 업계 용어로 마크다운(할인) 관리 앱은 실재하는 소매 소프트웨어 카테고리고, 문서 형식 Markdown은 상표가 아니므로 업계 맥락에서 명확하며 충돌 없음.
Markdown Tips	A	T	T	T	0.8	유지: 소매 가격 인하(markdown) 기획 팁 콘텐츠로 업계 맥락이 명확하고, Markdown App과는 별개 제품이며 브랜드 충돌 없음.
Massage App	A	T	T	T	0.8	유지: 마사지 예약·관리 앱은 salon_spa의 실재 제품형이고 Massage가 서비스를 정확히 지시하며, 동계 개별 브랜드와는 일반 명사 결합이라 충돌 없음.
Massage Tips	A	T	T	T	0.8	유지: 마사지 관리·선택 팁 콘텐츠로 명확하고, Massage App과는 별개 제품이며 브랜드 충돌 없음.
Mattress App	A	T	T	T	0.7	유지: 매트리스 청소·관리 서비스 앱으로 cleaning_services 맥락에서 읽히는 실재 제품형이며, Casper 등 개별 매트리스 브랜드와는 일반 명사 결합이라 충돌 없음.
Mattress Tips	A	T	T	T	0.8	유지: 매트리스 청소·수명 연장 팁 콘텐츠로 명확하고, Mattress App과는 별개 제품이며 브랜드 충돌 없음.
Meal App	A	T	T	T	0.8	유지: 아이 식단 기록·계획 관리 앱은 childcare의 실재 제품형이고 Meal이 대상을 정확히 지시하며, 중복·브랜드 충돌 없음.
Meal Tips	A	T	T	T	0.85	유지: 아이 식단·수유 팁 콘텐츠로 명확하고, Meal App과는 별개 제품이며 브랜드 충돌 없음.
Mediation Deadline	A	T	T	T	0.8	유지: 조정 절차 기한 관리는 법률 실무의 실재 업무이고 Deadline이 구체적 관리 대상을 지시해 명확하며, Attorney Deadline과는 앵커가 달라 중복 아님, 브랜드 충돌 없음.
Mediation Guide	A	T	T	T	0.85	유지: 조정 절차 안내 가이드 콘텐츠로 명확하고, Mediation Deadline과는 별개 제품(절차 콘텐츠 대 기한 관리)이며 브랜드 충돌 없음.
Membership App	A	T	T	T	0.8	유지: 멤버십 등록·갱신 관리 앱은 salon_spa의 실재 제품형이고 Membership이 기능 대상을 정확히 지시하며, 중복·브랜드 충돌 없음.
Membership Tips	A	T	T	T	0.8	유지: 멤버십 운영 팁 콘텐츠로 명확하고, Membership App과는 별개 제품이며 브랜드 충돌 없음.
Menopause Diary	A	T	T	T	0.8	유지: 폐경 증상 기록 일지는 실재하는 건강 추적 제품형이고 Diary가 구체적 산출물을 지시해 명확하며, Menopause Guide/Video와는 별개 제품, 브랜드 충돌 없음.
Menopause Guide	A	T	T	T	0.85	유지: 폐경 단계별 가이드 콘텐츠로 명확하고, Menopause Diary/Video와는 별개 제품이며 브랜드 충돌 없음.
Menopause Video	A	T	T	T	0.7	유지: 폐경 관리 영상 강의·가이드 콘텐츠로 Video가 구체적 산출물을 지시해 명확하고, Diary/Guide와는 별개 형식의 제품이며 브랜드 충돌 없음.
Migraine Calculator	A	T	T	T	0.8	유지: 편두통 트리거·카페인 한도 계산기는 실재하는 건강 도구형이고 Calculator가 구체적 도구를 지시해 명확하며, 배치 내 다른 Migraine 조합과는 기능이 달라 중복 아님, 브랜드 충돌 없음.
Migraine Checker	A	T	T	T	0.8	유지: 편두통 증상 자가 체크 도구로 Checker가 구체적 도구를 지시해 명확하고, Diary 등 다른 Migraine 조합과는 별개 제품이며 브랜드 충돌 없음.
Migraine Diary	A	T	T	T	0.8	유지: 편두통 일지는 의학적으로 표준 관리 도구(headache diary)로 실재하고 Diary가 구체적 산출물을 지시해 명확하며, Record와는 일지(지속 서술)와 발작 기록(이벤트 기입)의 별개 형식으로 구분돼 중복 아님.
Migraine Guide	A	T	T	T	0.85	유지: 편두통 관리 가이드 콘텐츠로 명확하고, 다른 Migraine 조합과는 별개 제품이며 브랜드 충돌 없음.
Migraine Helper	A	T	T	T	0.7	유지: 편두통 관리 도우미 앱은 Helper가 도구형 제품을 지시해 명확하고, 이 배치에 Migraine App이 없어 충돌 없으며 다른 Migraine 조합과도 기능이 다르다.
Migraine Kit	A	T	T	T	0.75	유지: 편두통 구제·케어 키트는 실재 개념이고 Kit이 구체적 산출물(도구 모음)을 지시해 명확하며, 다른 Migraine 조합과는 별개 제품, 브랜드 충돌 없음.
Migraine Message	A	T	T	T	0.7	유지: 복약·상태 리마인드 메시지(SMS 안내) 서비스로 Message가 별개 전달 수단을 지시하고, Migraine Notification과는 메시징과 트리거 알림이라는 별개 제품 카테고리로 구분돼 중복 아님.
Migraine Notification	A	T	T	T	0.7	유지: 복약·발작 기록 알림은 Notification 관용구대로 명확하고, Migraine Message와는 푸시 알림이라는 별개 전달·기능으로 구분돼 중복 아님, 브랜드 충돌 없음.
Migraine Record	A	T	T	T	0.65	유지: 편두통 발작 기록(이벤트별 기입)은 Diary의 지속 서술 일지와 형식·용도가 다른 별개 제품이고 Record가 구체적 산출물을 지시해 명확하며, Recorder와도 기록물 대 기록도구로 구분돼 중복 아님.
Migraine Recorder	A	T	T	T	0.7	유지: 편두통 발작 기록 도구로 Recorder가 도구를 지시해 명확하고, Record(기록물)·Diary(일지)와는 별개 제품형으로 구분되며 브랜드 충돌 없음.
Migraine Video	A	T	T	T	0.7	유지: 편두통 관리 영상 가이드 콘텐츠로 Video가 구체적 산출물을 지시해 명확하고, 다른 Migraine 조합과는 별개 형식의 제품이며 브랜드 충돌 없음.
Mobility App	A	T	T	T	0.75	유지: 노인 이동성 지원·이동 서비스 앱은 senior_care의 실재 제품형이고 Mobility가 업계 핵심 니즈를 지시해 명확하며, 중복·브랜드 충돌 없음.
Mobility Tips	A	T	T	T	0.8	유지: 노인 이동성 유지 팁 콘텐츠로 명확하고, Mobility App과는 별개 제품이며 브랜드 충돌 없음.
Nap App	A	T	T	T	0.8	유지: 영유아 낮잠 기록·관리 앱은 childcare의 실재 제품형(수면 추적 앱)이고 Nap이 대상을 정확히 지시하며, 중복·브랜드 충돌 없음.
Nap Tips	A	T	T	T	0.85	유지: 낮잠 수면 팁 콘텐츠로 명확하고, Nap App과는 별개 제품이며 브랜드 충돌 없음.
Neuter App	A	T	T	T	0.75	유지: 반려동물 중절 수술 예약·사후관리 앱은 veterinary의 실재 서비스형이고 Neuter가 대상 시술을 정확히 지시하며, 중복·브랜드 충돌 없음.
Neuter Tips	A	T	T	T	0.8	유지: 중절 수술 전후 관리 팁 콘텐츠로 명확하고, Neuter App과는 별개 제품이며 브랜드 충돌 없음.
Newsletter App	A	T	T	T	0.8	유지: 뉴스레터 발행·구독 관리 앱은 media_publishing의 실재 제품군이고 Newsletter가 대상을 정확히 지시하며, 중복·브랜드 충돌 없음.
Newsletter Tips	A	T	T	T	0.85	유지: 뉴스레터 작성·성장 팁 콘텐츠로 명확하고, Newsletter App과는 별개 제품이며 브랜드 충돌 없음.
Notarization App	A	T	T	T	0.7	유지: 번역문 공증을 포함한 온라인 공증 절차 앱은 interpreter_translation_services와 연결되는 실재 서비스형이고 Notarization은 일반 명사라 공증 관련 유명 브랜드와 직접 충돌하지 않는다.
Notarization Tips	A	T	T	T	0.8	유지: 공증 절차 준비 팁 콘텐츠로 명확하고, Notarization App과는 별개 제품이며 브랜드 충돌 없음.
Notary Calculator	A	T	T	T	0.8	유지: 공증 수수료·기한 계산기는 실재 개념이고 Calculator가 구체적 도구를 지시해 명확하며, 다른 Notary 조합과는 기능이 달라 중복 아님, 브랜드 충돌 없음.
Notary Deadline	A	T	T	T	0.8	유지: 공증 기한 관리는 Deadline 절차 명사 선례대로 명확하고, 다른 Notary 조합과는 별개 기능이며 브랜드 충돌 없음.
Notary Diagram	A	T	T	T	0.65	유지: 공증 절차 도식 콘텐츠는 Diagram이 구체적 산출물을 지시해 업계 맥락에서 짐작 가능하고, 다른 Notary 조합과는 별개 형식의 제품이며 브랜드 충돌 없음.
Notary Guide	A	T	T	T	0.85	유지: 공증 절차 안내 가이드 콘텐츠로 명확하고, 다른 Notary 조합과는 별개 제품이며 브랜드 충돌 없음.
Notary Kit	A	T	T	T	0.8	유지: 공증 서류·도장 준비 키트는 실제 판매되는 제품형이고 Kit이 구체적 산출물을 지시해 명확하며, 다른 Notary 조합과는 별개 제품, 브랜드 충돌 없음.
Notary Message	A	T	T	T	0.7	유지: 공증 진행·기한 안내 메시지 서비스로 Message가 별개 전달 수단(안내 커뮤니케이션)을 지시하고, Notary Notification과는 메시징과 트리거 알림이라는 별개 카테고리로 구분돼 중복 아님.
Notary Notification	A	T	T	T	0.75	유지: 공증 기한 알림은 Notification 관용구대로 명확하고, Notary Message와는 푸시 알림이라는 별개 전달·기능으로 구분돼 중복 아님, 브랜드 충돌 없음.
Notary Template	A	T	T	T	0.8	유지: 공증 문서 템플릿 관리는 실재 업무 도구형이고 Template이 구체적 산출물을 지시해 명확하며, Lawyer Template과는 앵커가 달라 중복 아님, 브랜드 충돌 없음.
Obituary App	A	T	T	T	0.8	유지: 부고 작성·게시 앱은 funeral_services의 실재 제품형이고 Obituary가 업계 고유 산출물을 정확히 지시하며, 중복·브랜드 충돌 없음.
Obituary Tips	A	T	T	T	0.85	유지: 부고 작성 팁 콘텐츠로 명확하고, Obituary App과는 별개 제품이며 브랜드 충돌 없음.
Offer App	A	T	T	T	0.8	유지: 채용 오퍼 관리 앱은 recruiting의 실재 소프트웨어 카테고리이고 Offer가 업계 핵심 객체를 지시해 명확하며, 중복·브랜드 충돌 없음.
Offer Tips	A	T	T	T	0.85	유지: 채용 오퍼 협상·설계 팁 콘텐츠로 명확하고, Offer App과는 별개 제품이며 브랜드 충돌 없음.
Officiant App	A	T	T	T	0.75	유지: 주례 예약·예식 관리 앱은 wedding_planning의 실재 서비스형이고 Officiant가 업계 역할을 정확히 지시해 결혼 업계 맥락에서 명확하며, 중복·브랜드 충돌 없음.
Officiant Tips	A	T	T	T	0.8	유지: 주례 선정·예식 진행 팁 콘텐츠로 명확하고, Officiant App과는 별개 제품이며 브랜드 충돌 없음.
Outreach App	A	T	T	T	0.65	유지: 비영리 지역사회 아웃리치 프로그램 관리 앱은 nonprofit의 실재 제품형이고 outreach는 일반 명사라 영업 SaaS 브랜드 Outreach와는 업계·대상 고객이 달라 실질 충돌 없음.
Outreach Tips	A	T	T	T	0.75	유지: 비영리 아웃리치 활동 안내 팁 콘텐츠로 명확하고, 판매 영업 SaaS Outreach와는 업계도 제품군도 달라 혼동 수준에 이르지 않음.
Package App	A	T	T	T	0.7	유지: 사진 스튜디오 촬영 패키지(상품 구성) 예약·판매 관리 도구로 업계 결합이 성립하나, 1차 사유(택배 추적)가 업계와 불일치하므로 제목과 업계만으로 독립 재판정해 신중히 유지.
Package Tips	A	T	T	T	0.75	유지: 촬영 패키지 선택·준비 요령 콘텐츠로 명확하고 Package App과는 콘텐츠 대 도구로 별개 상품.
Packing App	A	T	T	T	0.85	유지: 이사 짐싸기 계획·체크리스트 도구는 moving 업계 실재 제품형으로 명확.
Packing Tips	A	T	T	T	0.8	유지: 짐싸기 요령 콘텐츠로 명확하고 Packing App과는 콘텐츠 대 도구로 별개.
Panic App	A	T	T	T	0.8	유지: 보안업계 긴급 호출(패닉 버튼) 대응 앱은 실재 카테고리고, 개발사 브랜드 Panic과는 업계가 달라 충돌 없음.
Panic Tips	A	T	T	T	0.65	유지: 잠금·보안 긴급상황 대처 요령 콘텐츠로 읽히나 건강 맥락(패닉 발작)으로 오독될 여지가 있어 경계적으로 유지.
Pastry App	A	T	T	T	0.85	유지: 제과 레시피·주문 관리 앱은 food_service 실재 제품형으로 명확.
Pastry Tips	A	T	T	T	0.8	유지: 제과 노하우 콘텐츠로 명확하고 Pastry App과는 콘텐츠 대 도구로 별개.
Patch App	A	T	T	T	0.85	유지: 보안 패치 관리 앱은 cybersecurity 실재 카테고리로 명확.
Patch Tips	A	T	T	T	0.8	유지: 패치 관리 요령 콘텐츠로 명확하고 Patch App과는 콘텐츠 대 도구로 별개.
Patent App	A	T	T	T	0.85	유지: 특허 검색·출원 관리 앱은 legal 실재 제품형으로 명확.
Patent Followup	A	T	T	T	0.75	유지: 특허 docketing 후속 기한 관리는 실재 업무로 명확하고, Patent Tracker와는 후속조치 수행 대 절차 상태 추적이라는 별개 행동으로 경계적 유지.
Patent Handbook	A	T	T	T	0.7	유지: 특허 실무 핸드북 콘텐츠로 명확하고, Patent Tutorial과는 참조서 대 단계 학습이라는 별개 형식으로 경계적 유지.
Patent Monitor	A	T	T	T	0.8	유지: 특허 출원·등록 감시는 상표 Watch와 평행한 실재 서비스로 명확하고, Patent Tracker와는 타인 권리 감시 대 자산 절차 추적으로 구분.
Patent Opinion	A	T	T	T	0.75	유지: 특허 법률 의견서 관리는 실재 업무 산출물을 지시해 명확.
Patent Questionnaire	A	T	T	T	0.75	유지: 발명 공개 문진 양식 관리는 특허 출원 실무의 실재 단계라 명확.
Patent Timetable	A	T	T	T	0.7	유지: 특허 절차 일정표 관리로 명확하고, Patent Followup과는 절차 일정 안내 대 기한 후속관리로 행동이 달라 경계적 유지.
Patent Tips	A	T	T	T	0.7	유지: 특허 실무 요령 콘텐츠로 명확하고, 같은 앵커의 Patent Handbook/Tutorial과는 요령·참조서·학습으로 별개 형식이라 경계적 유지.
Patent Tracker	A	T	T	T	0.7	유지: 특허 절차 상태 추적은 실재 제품군으로 명확하고, Patent Followup과는 상태 추적 대 기한 후속관리로 구분되는 경계사례라 유지.
Patent Tutorial	A	T	T	T	0.7	유지: 특허 출원 단계 학습 콘텐츠로 명확하고 Patent Handbook/Tips와는 별개 형식이라 경계적 유지.
Patent Usage	A	T	T	T	0.65	유지: 특허 사용 현황·로열티 추적은 IP 관리의 실재 모듈로 성립하나, Usage 계열은 1차 검토에서 기각 선례가 있어 신중히 유지.
Paving App	A	T	T	T	0.85	유지: 포장 시공 일정·견적 관리 앱은 construction 실재 제품형으로 명확.
Paving Tips	A	T	T	T	0.8	유지: 포장 시공·유지 관리 요령 콘텐츠로 명확하고 Paving App과는 콘텐츠 대 도구로 별개.
Percussion App	A	T	T	T	0.85	유지: 타악기 레슨·연습 도구는 music_lessons 실재 제품형으로 명확.
Percussion Tips	A	T	T	T	0.8	유지: 타악 연주 요령 콘텐츠로 명확하고 Percussion App과는 콘텐츠 대 도구로 별개.
Pickup App	A	T	T	T	0.85	유지: 처방 수거·픽업 예약 관리 앱은 pharmacy 실재 제품형으로 명확.
Pickup Tips	A	T	T	T	0.8	유지: 픽업 이용 안내 콘텐츠로 명확하고 Pickup App과는 콘텐츠 대 도구로 별개.
Playtime App	A	T	T	T	0.8	유지: 아이 놀이 일정·기록 도구는 childcare 실재 제품형으로 명확.
Playtime Tips	A	T	T	T	0.8	유지: 놀이 활용 팁 콘텐츠로 명확하고 Playtime App과는 콘텐츠 대 도구로 별개.
Plumbing App	A	T	T	T	0.85	유지: 배관 수리 접수·관리 앱은 construction 실재 카테고리로 명확.
Plumbing Tips	A	T	T	T	0.8	유지: 배관 관리·동파 예방 요령 콘텐츠로 명확하고 Plumbing App과는 콘텐츠 대 도구로 별개.
Podcast App	A	T	T	T	0.85	유지: 팟캐스트 제작·배포 관리 앱은 실재 카테고리로 명확하고 고유 브랜드와 혼동 수준이 아님.
Podcast Tips	A	T	T	T	0.8	유지: 팟캐스팅 노하우 콘텐츠로 명확하고 Podcast App과는 콘텐츠 대 도구로 별개.
Polish App	A	T	T	T	0.75	유지: 살롱 업계에서 polish는 네일 폴리싱 시술 그 자체라 시술 예약·관리 앱으로 서비스 실체가 특정되며, 제품명이었던 Conditioner와 달라 명확성 통과.
Polish Tips	A	T	T	T	0.75	유지: 폴리싱·네일 케어 요령 콘텐츠로 명확하고 Polish App과는 콘텐츠 대 도구로 별개.
Pool App	A	T	T	T	0.85	유지: 수영장 수질 균형·관리 앱은 property_management 실재 제품형으로 명확.
Pool Tips	A	T	T	T	0.8	유지: 수영장 관리 요령 콘텐츠로 명확하고 Pool App과는 콘텐츠 대 도구로 별개.
Portfolio App	A	T	T	T	0.8	유지: 지원자 포트폴리오 수집·검토 도구는 recruiting 실재 제품형으로 명확.
Portfolio Tips	A	T	T	T	0.8	유지: 포트폴리오 작성 팁 콘텐츠로 명확하고 Portfolio App과는 콘텐츠 대 도구로 별개.
Pothole App	A	T	T	T	0.85	유지: 포트홀 신고·추적 앱은 정부 311 시스템 계열 실재 카테고리로 명확.
Pothole Tips	A	T	T	T	0.65	유지: 포트홀 신고 방법·안전 대처 요령 콘텐츠로 읽히나 서비스 실체가 옅어 경계적으로 유지.
Pregnancy Diary	A	T	T	T	0.85	유지: 임신 주차 기록 일지는 healthcare의 대표 실재 앱 형태로 명확.
Pregnancy Guide	A	T	T	T	0.8	유지: 주차별 임신 가이드 콘텐츠로 명확하고 Pregnancy Diary와는 기록 대 안내로 별개 행동.
Pregnancy Video	A	T	T	T	0.7	유지: 임신 관리 영상 가이드로 명확하고, Pregnancy Guide와는 문서 대 영상 형식 차이라 경계사례로 유지.
Provider App	A	T	T	T	0.7	유지: 의료 서비스 제공자용 포털 앱은 healthcare 실재 제품형으로 성립하나 Provider가 지시 폭이 넓어 신중히 유지.
Provider Tips	A	T	T	T	0.7	유지: 제공자 운영·진료 팁 콘텐츠로 읽히나 Provider App과 마찬가지로 지시 폭이 넓어 신중히 유지.
Psoriasis Diary	A	T	T	T	0.8	유지: 건선 증상 기록 일지는 healthcare 실재 앱 카테고리로 명확.
Psoriasis Guide	A	T	T	T	0.8	유지: 건선 관리 가이드 콘텐츠로 명확하고 Psoriasis Diary와는 기록 대 안내로 별개.
Psoriasis Helper	A	T	T	T	0.75	유지: 증상 관리 도우미 도구는 Helper 승인 선례 평행으로 성립하고 Diary/Guide와는 도구 대 기록·콘텐츠로 별개.
Psoriasis Record	A	T	T	T	0.65	유지: 건선 발작 이력 기록물 관리로 명확하고, Psoriasis Diary와는 매일 쓰는 일지 대 이벤트별 기록물로 구분되는 경계사례라 이번 라운드의 Acne/Migraine/Eczema/Insomnia Record 유지 선례와 같이 유지.
Psoriasis Video	A	T	T	T	0.7	유지: 건선 관리 영상 콘텐츠로 명확하고 Psoriasis Guide와는 문서 대 영상 형식 차이라 경계적 유지.
Publisher App	A	T	T	T	0.8	유지: 콘텐츠 발행·구독 관리 앱은 media_publishing 실재 제품형으로 명확.
Publisher Tips	A	T	T	T	0.8	유지: 발행·구독 운영 팁 콘텐츠로 명확하고 Publisher App과는 콘텐츠 대 도구로 별개.
Pump App	A	T	T	T	0.8	유지: 수조 펌프·유축 관리 앱은 pool_maintenance 실재 제품형으로 명확.
Pump Tips	A	T	T	T	0.8	유지: 펌프 관리 요령 콘텐츠로 명확하고 Pump App과는 콘텐츠 대 도구로 별개.
Quote App	A	T	T	T	0.85	유지: 보험 견적서 작성 앱은 insurance 실재 카테고리로 명확.
Quote Tips	A	T	T	T	0.75	유지: 견적 작성·활용 팁 콘텐츠로 명확하고 Quote App과는 콘텐츠 대 도구로 별개.
Rafting Diary	A	T	T	T	0.8	유지: 래프팅 경험 기록 일지로 명확하고 동일 앵커 중복 없음.
Rafting Guide	A	T	T	T	0.85	유지: 강 등급·투어 안내 가이드로 명확하고 가이드 인력 의미로도 업계 결합이 자연스러움.
Rafting Video	A	T	T	T	0.7	유지: 래프팅 강습 영상 콘텐츠로 명확하고 Rafting Guide와는 문서 대 영상 형식 차이라 경계적 유지.
Realtor App	R	T	T	F	0.85	반박: Realtor는 감시 목록 브랜드로 NAR 등록상표이며 realtor.com이 부동산업계에서 활동 중이라, 동일 업계 중개 앱 명칭으로 Realtor App이 그 상표와 혼동되는 수준이 실재해 상표 결함으로 뒤집음.
Realtor Tips	R	T	T	F	0.85	반박: Realtor Tips도 동일 부동산업계에서 NAR·realtor.com의 상표 Realtor를 앵커 그대로 사용해 혼동 수준이 실재하므로 Realtor App과 함께 상표 결함으로 뒤집음.
Recording App	A	T	T	T	0.85	유지: 회의·행사 음성 녹음 관리 앱은 events 실재 카테고리로 명확.
Recording Tips	A	T	T	T	0.8	유지: 녹음 품질·활용 요령 콘텐츠로 명확하고 Recording App과는 콘텐츠 대 도구로 별개.
Refrigerant App	A	T	T	T	0.85	유지: 냉매 사용 추적·규정 준수 앱은 hvac 실재 카테고리고, 감시 목록의 Freon은 포함되지 않은 일반 명칭이라 무충돌.
Refrigerant Tips	A	T	T	T	0.8	유지: 냉매 관리 요령 콘텐츠로 명확하고 Refrigerant App과는 콘텐츠 대 도구로 별개.
Refrigeration App	A	T	T	T	0.8	유지: 백신·의약품 냉장 설비 점검 앱은 pharmacy 실재 제품형으로 명확.
Refrigeration Tips	A	T	T	T	0.8	유지: 냉장 보관 관리 요령 콘텐츠로 명확하고 Refrigeration App과는 콘텐츠 대 도구로 별개.
Rehearsal App	A	T	T	T	0.8	유지: 웨딩 리허설 일정 관리 앱은 wedding_planning 실재 제품형으로 명확.
Rehearsal Tips	A	T	T	T	0.8	유지: 리허설 준비 팁 콘텐츠로 명확하고 Rehearsal App과는 콘텐츠 대 도구로 별개.
Rekeying App	A	T	T	T	0.85	유지: 자물쇠 리키잉 접수·관리 앱은 잠금 보안 업계의 실재 서비스를 지시해 명확.
Rekeying Tips	A	T	T	T	0.8	유지: 리키잉·보안 관리 요령 콘텐츠로 명확하고 Rekeying App과는 콘텐츠 대 도구로 별개.
Rental App	A	T	T	T	0.8	유지: 촬영 장비 임대 예약·계약 관리 앱은 photography 실재 제품형으로 명확.
Rental Tips	A	T	T	T	0.8	유지: 장비 임대 활용 팁 콘텐츠로 명확하고 Rental App과는 콘텐츠 대 도구로 별개.
Reservation App	A	T	T	T	0.85	유지: 식당 예약 접수·관리 앱은 food_service 실재 카테고리로 명확.
Reservation Tips	A	T	T	T	0.85	식당 예약 관련 팁 콘텐츠로 명확, 배치 내 Reservation App 동반 없어 동일 앵커 조합 없음, 유의 상표 없음
Restock App	A	T	T	T	0.85	재입고 알림·재고 보충 도구로 소매업에 명확, Restock Tips는 콘텐츠로 도구와 별개, 상표 충돌 없음
Restock Tips	A	T	T	T	0.85	재입고·재고 보충 노하우 콘텐츠로 명확, 동일 앵커 Restock App과 콘텐츠/도구로 사용자 행동 상이
Retouching App	A	T	T	T	0.85	사진 보정 도구로 사진 업계와 정확히 부합, Retouching Tips 콘텐츠와 별개, 유의 브랜드 없음
Retouching Tips	A	T	T	T	0.85	보정 노하우 콘텐츠로 명확, 동일 앵커 Retouching App과 실질 행동이 달라 중복 아님
Return App	A	T	T	T	0.85	상품 반품 처리 관리 도구로 소매업에 명확, Return Tips 콘텐츠와 별개, 상표 없음
Return Tips	A	T	T	T	0.85	반품 절차·정책 안내 콘텐츠로 명확, 동일 앵커 Return App과 콘텐츠/도구 행동 상이
Rider App	A	T	T	T	0.78	보험 특약(rider) 관리 또는 배달 라이더 보험 가입 도구로 업계 내 해석 가능, 이중 의미는 경계사례지만 불명확 단계 아니고 반박 근거 없음
Rider Tips	A	T	T	T	0.80	특약 활용·라이더 보험 안내 콘텐츠로 해석 가능, 동일 앵커 Rider App과 콘텐츠/도구 별개
Roofing App	A	T	T	T	0.85	지붕 시공·점검 관리 도구로 건설업에 명확, Roofing Tips 콘텐츠와 별개, 유의 상표 없음
Roofing Tips	A	T	T	T	0.85	지붕 유지보수 팁 콘텐츠로 명확, 동일 앵커 Roofing App과 실질 행동 상이
Roster App	A	T	T	T	0.85	근무표·명단 작성 도구로 HR에 명확, Roster Tips 콘텐츠와 별개, 상표 충돌 없음
Roster Tips	A	T	T	T	0.85	근무표 관리 노하우 콘텐츠로 명확, 동일 앵커 Roster App과 콘텐츠/도구 별개
Rotation App	A	T	T	T	0.82	작물 윤작(교대 재배) 관리 도구로 농업에 부합해 명확, Rotation Tips 콘텐츠와 별개
Rotation Tips	A	T	T	T	0.82	윤작 계획 팁 콘텐츠로 농업 맥락 명확, 동일 앵커 Rotation App과 행동 상이
Safety App	A	T	T	T	0.85	광산 안전 점검·사고 신고 도구로 명확, Safety Tips 콘텐츠와 별개, 유의 브랜드 없음
Safety Tips	A	T	T	T	0.85	광산 안전 수칙 콘텐츠로 명확, 동일 앵커 Safety App과 콘텐츠/도구 행동 상이
Sailing Diary	A	T	T	T	0.85	항해 기록 일지로 명확, 같은 앵커 Sailing Forecast/Guide/Video와 기록·예보·안내·영상으로 행동 모두 상이
Sailing Forecast	A	T	T	T	0.85	해상 기상·항해 예보 서비스로 명확, Sailing Diary 등과 예측/기록으로 별개 기능
Sailing Guide	A	T	T	T	0.85	항해·해상 안내 콘텐츠로 명확, 동일 앵커 Diary/Video와 안내문·일지·영상 별개 매체·행동
Sailing Video	A	T	T	T	0.85	항해 강습 영상 콘텐츠로 명확, 동일 앵커 타 항목과 시청/기록 행동 구분, 상표 없음
Salary App	A	T	T	T	0.82	급여 계산·비교 도구로 리크루팅 맥락에서 명확, Salary Tips 콘텐츠와 별개
Salary Tips	A	T	T	T	0.85	연봉 정보·협상 팁 콘텐츠로 명확, 동일 앵커 Salary App과 콘텐츠/도구 별개
Satisfaction App	A	T	T	T	0.85	고객 만족도(CSAT) 조사·관리 도구로 명확, Satisfaction Tips 콘텐츠와 별개
Satisfaction Tips	A	T	T	T	0.85	만족도 개선 팁 콘텐츠로 명확, 동일 앵커 Satisfaction App과 행동 상이
Savanna Video	A	T	T	T	0.78	사바나 사파리 체험 영상 콘텐츠로 여행업 맥락에서 상상 가능, 동일 앵커 조합 없고 유의 상표 없음
Savings App	A	T	T	T	0.85	저축 목표·예산 관리 도구로 명확, Savings Tips 콘텐츠와 별개, 유의 상표 없음
Savings Tips	A	T	T	T	0.85	저축·예산 팁 콘텐츠로 명확, 동일 앵커 Savings App과 콘텐츠/도구 행동 상이
Saxophone App	A	T	T	T	0.85	색소폰 학습·연주 보조 도구로 음악레슨에 명확, Saxophone Tips 콘텐츠와 별개
Saxophone Tips	A	T	T	T	0.85	색소폰 연주 팁 콘텐츠로 명확, 동일 앵커 Saxophone App과 행동 상이
Scholarship App	A	T	T	T	0.85	장학금 검색·신청 관리 도구로 명확, Scholarship Tips 콘텐츠와 별개, 상표 없음
Scholarship Tips	A	T	T	T	0.85	장학금 신청 전략 콘텐츠로 명확, 동일 앵커 Scholarship App과 콘텐츠/도구 별개
Seating App	A	T	T	T	0.85	웨딩 좌석배치 관리 도구로 명확, Seating Tips 콘텐츠와 별개
Seating Tips	A	T	T	T	0.85	좌석배치 노하우 콘텐츠로 명확, 동일 앵커 Seating App과 실질 행동 상이
Sedation App	A	T	T	T	0.80	진정·수면 치료 기록 관리 도구로 치과 실무에서 상상 가능, Sedation Tips 콘텐츠와 별개
Sedation Tips	A	T	T	T	0.78	진정 치료 안내 팁 콘텐츠로 치과 맥락에서 해석 가능, 동일 앵커 Sedation App과 행동 상이
Seniority App	A	T	T	T	0.82	근속·연공서열 관리 도구로 HR에 명확, Seniority Tips 콘텐츠와 별개
Seniority Tips	A	T	T	T	0.78	연공서열 운영 팁 콘텐츠로 HR 맥락에서 해석 가능, 동일 앵커 Seniority App과 행동 상이
Server App	A	T	T	T	0.80	외식업 서버(웨이터) 주문·업무 보조 도구로 업계 맥락이 IT 서버 오해를 해소해 명확, Server Tips 콘텐츠와 별개
Server Tips	A	T	T	T	0.78	식당 서버 대상 팁 콘텐츠이며 외식업에선 팁(봉급) 해석도 자연스러움, 동일 앵커 Server App과 콘텐츠/도구 별개
Shampoo App	A	T	T	T	0.78	샴푸 제품 추천·재고 관리 도구로 살롱 소매 맥락에서 상상 가능, Shampoo Tips 콘텐츠와 별개
Shampoo Tips	A	T	T	T	0.85	샴푸 선택·모발 케어 팁 콘텐츠로 명확, 동일 앵커 Shampoo App과 행동 상이
Shelter App	A	T	T	T	0.85	동물 보호소·대피소 검색 도구로 수의업에 명확, Shelter Tips 콘텐츠와 별개
Shelter Tips	A	T	T	T	0.85	입양·보호소 이용 팁 콘텐츠로 명확, 동일 앵커 Shelter App과 행동 상이
Shipper App	A	T	T	T	0.85	배송 발주·화주 관리 도구로 물류에 명확, Shipper Tips 콘텐츠와 별개, 상표 없음
Shipper Tips	A	T	T	T	0.85	발주·배송 팁 콘텐츠로 명확, 동일 앵커 Shipper App과 콘텐츠/도구 별개
Showing App	A	T	T	T	0.85	부동산 임장(쇼잉) 예약 관리 도구로 명확, Showing Tips 콘텐츠와 별개
Showing Tips	A	T	T	T	0.85	임장 준비·진행 팁 콘텐츠로 명확, 동일 앵커 Showing App과 행동 상이
Shuttle App	A	T	T	T	0.85	셔틀 배차·예약 도구로 숙박업에 명확, Shuttle Tips 콘텐츠와 별개, 유의 상표 없음
Shuttle Tips	A	T	T	T	0.78	셔틀 이용 안내 팁 콘텐츠로 해석 가능, 동일 앵커 Shuttle App과 행동 상이
Signage App	A	T	T	T	0.85	디지털 사이니지 콘텐츠 관리 도구로 명확, Signage Tips 콘텐츠와 별개
Signage Tips	A	T	T	T	0.85	사이니지 운영 팁 콘텐츠로 명확, 동일 앵커 Signage App과 콘텐츠/도구 별개
Skillset App	A	T	T	T	0.85	보유 역량 평가·관리 도구로 리크루팅에 명확, Skillset Tips 콘텐츠와 별개
Skillset Tips	A	T	T	T	0.85	역량 개발 팁 콘텐츠로 명확, 동일 앵커 Skillset App과 행동 상이
Skimmer App	A	T	T	T	0.80	수영장 스키머 청소·관리 도구로 니치하지만 업계에 부합해 명확, Skimmer Tips 콘텐츠와 별개
Skimmer Tips	A	T	T	T	0.82	스키머 청소·관리 팁 콘텐츠로 명확, 동일 앵커 Skimmer App과 행동 상이
Skydiving Calculator	A	T	T	T	0.85	스카이다이빙 체험 비용 계산기로 기능어가 구체적이고 명확, 같은 앵커 Diary/Guide/Video와 계산 기능 별개
Skydiving Diary	A	T	T	T	0.85	점프 기록 일지로 명확, 동일 앵커 Skydiving Guide/Video와 기록 행동 구분
Skydiving Guide	A	T	T	T	0.85	입문 가이드 콘텐츠로 명확, 동일 앵커 Diary/Video와 별개 매체·행동
Skydiving Video	A	T	T	T	0.85	강습·체험 영상 콘텐츠로 명확, 동일 앵커 타 항목과 시청 행동 구분, 상표 없음
Sledding Diary	A	T	T	T	0.85	썰매 기록 일지로 명확, Sledding Guide/Video와 별개 행동
Sledding Guide	A	T	T	T	0.85	슬레딩 명소 안내 콘텐츠로 명확, 동일 앵커 Diary/Video와 별개
Sledding Video	A	T	T	T	0.85	썰매 강습 영상 콘텐츠로 명확, 동일 앵커 타 항목과 별개 매체
Snack App	A	T	T	T	0.85	어린이집 간식 주문·재고 관리 도구로 명확, Snack Tips 콘텐츠와 별개
Snack Tips	A	T	T	T	0.85	간식 준비·영양 팁 콘텐츠로 명확, 동일 앵커 Snack App과 행동 상이
Snowboarding Diary	A	T	T	T	0.85	스노보드 기록 일지로 명확, 동일 앵커 Snowboarding Guide/Video와 별개 행동
Snowboarding Guide	A	T	T	T	0.85	입문 가이드 콘텐츠로 명확, 동일 앵커 Diary/Video와 별개 매체
Snowboarding Video	A	T	T	T	0.85	스노보드 강습 영상 콘텐츠로 명확, 동일 앵커 타 항목과 시청 행동 구분, 상표 없음
Sourcing Login	A	T	T	T	0.75	리크루팅 소싱 포털 접속 화면으로 포털 청중이 명확해 Paralegal Login 선례 준수, 동일 앵커 조합 없고 유의 브랜드 없으나 Login 기능어 특성상 확신은 낮음
Souvenir App	A	T	T	T	0.85	기념품 판매·재고 관리 도구로 여행업에 명확, Souvenir Tips 콘텐츠와 별개
Souvenir Tips	A	T	T	T	0.85	기념품 쇼핑 팁 콘텐츠로 명확, 동일 앵커 Souvenir App과 행동 상이
Spay App	A	T	T	T	0.85	반려동물 중성화 수술 관리 도구로 수의업에 명확, Spay Tips 콘텐츠와 별개
Spay Tips	A	T	T	T	0.85	중성화 전후 케어 팁 콘텐츠로 명확, 동일 앵커 Spay App과 행동 상이
Sponsor App	A	T	T	T	0.85	스폰서십 계약·혜택 관리 도구로 이벤트업에 명확, Sponsor Tips 콘텐츠와 별개
Sponsor Tips	A	T	T	T	0.85	스폰서십 유치 팁 콘텐츠로 명확, 동일 앵커 Sponsor App과 행동 상이
Sprain Diary	A	T	T	T	0.85	염좌 재활 기록 일지로 명확, 배치 내 충돌 앵커 없음, 유의 상표 없음
Sprain Video	A	T	T	T	0.8	염좌 처치·재활 영상 가이드로 의료 서비스 실체가 명확하고 동일 앵커 조합 없음, 일반 명사라 브랜드 무충돌
Staffing Login	A	T	T	T	0.72	시니어케어 시설 인력운영 포털 접속 도구로 상상 가능하나 Login이 기능보다 접속 명사에 가까워 신뢰도 소폭 낮춤
Staging App	A	T	T	T	0.82	홈 스테이징 기획·관리 도구로 부동산 서비스 실체가 명확, Staging Tips와는 콘텐츠 vs 도구로 별개
Staging Tips	A	T	T	T	0.8	스테이징 노하우 콘텐츠로 Staging App과 사용자 행동이 달라 실질 동일 상품 아님
Stargazing App	A	T	T	T	0.82	별 관측 보조 도구로 관광 서비스 실체가 명확, 같은 앵커 다른 기능어들과 행동이 별개
Stargazing Diary	A	T	T	T	0.8	관측 기록 일지는 기록물 콘텐츠로 Tracker 같은 추적 도구와 별개 행동
Stargazing Review	A	T	T	T	0.75	명소·장비 평가 콘텐츠로 Tips(노하우)와도 행동이 달라 유지하되 콘텐츠 계열 중복 경계라 신뢰도 소폭 낮춤
Stargazing Tips	A	T	T	T	0.8	관측 노하우 콘텐츠로 App·Tracker 등 도구 계열과 별개
Stargazing Tracker	A	T	T	T	0.78	관측 대상·시간 추적 도구로 명확, App과는 범용 관측 vs 추적 알림으로 세부 행동이 달라 별개 판단
Stargazing Video	A	T	T	T	0.8	관측 가이드 영상 콘텐츠로 서비스 실체가 명확
Sterilization App	A	T	T	T	0.8	치과 기구 멸균 이력·관리 도구로 실재 카테고리이며 서비스 실체 명확
Sterilization Tips	A	T	T	T	0.78	멸균 절차 노하우 콘텐츠로 App과 별개 행동
Stewardship App	A	T	T	T	0.78	비영리 기부자 관리·감사 커뮤니케이션 도구로 업계 어휘와 부합해 명확
Stewardship Tips	A	T	T	T	0.76	기부자 관리 노하우 콘텐츠로 App과 별개
Streetlight App	A	T	T	T	0.8	가로등 점검·관리 도구로 지자체 인프라 업무와 부합해 명확
Streetlight Tips	A	T	T	T	0.76	가로등 유지보수 노하우 콘텐츠로 App과 별개
Subcontractor App	A	T	T	T	0.8	하도급 계약·관리 도구로 건설 업무와 부합해 명확
Subcontractor Tips	A	T	T	T	0.76	하도급 운영 노하우 콘텐츠로 App과 별개
Supplier App	A	T	T	T	0.8	공급업체 발주·관리 도구로 제조 조달 업무와 부합해 명확
Supplier Tips	A	T	T	T	0.76	조달 노하우 콘텐츠로 App과 별개
Surfing App	A	T	T	T	0.8	서핑 스팟·파도 정보 도구로 관광 서비스 실체가 명확
Surfing Tips	A	T	T	T	0.76	서핑 노하우 콘텐츠로 App과 별개
Survey App	A	T	T	T	0.8	설문 설계·응답 분석 도구로 명확, SurveyMonkey 수준 브랜드 혼동 아님
Survey Tips	A	T	T	T	0.76	설문 설계 노하우 콘텐츠로 App과 별개
Suspension App	A	T	T	T	0.7	education에서 Suspension은 학생 정학 관리 도구로 읽혀 실재 카테고리지만 자동차 정비 의미와의 이중 해석이 있어 신뢰도 낮게 기록
Suspension Tips	A	T	T	T	0.7	정학 운영 노하우 콘텐츠로 해석 가능하나 App과 동일한 이중 의미 경계를 반영해 신뢰도 낮게 기록
Symptom App	A	T	T	T	0.8	증상 기록·확인 도구로 의료 서비스 실체가 명확
Symptom Tips	A	T	T	T	0.76	증상 관리 노하우 콘텐츠로 App과 별개
Syndication App	A	T	T	T	0.78	콘텐츠 신디케이션 배포 관리 도구로 미디어 업무와 부합해 명확
Syndication Tips	A	T	T	T	0.74	신디케이션 운영 노하우 콘텐츠로 App과 별개, 도메인어가 전문적이라 신뢰도 소폭 낮춤
Syrup App	A	T	T	T	0.7	pharmacy에서 약용 시럽 조제·복약 관리 도구로 해석 가능하나 1차 사유의 단풍시럽 의미와 업계 어긋남이 있어 제목+업계 기준으로 유지하되 신뢰도 낮게 기록
Syrup Tips	A	T	T	T	0.7	약용 시럽 안내 콘텐츠로 해석 가능하나 App과 동일한 이중 의미 경계를 반영해 신뢰도 낮게 기록
Tempo App	A	T	T	T	0.8	메트로놈·템포 트레이닝 도구로 명확, Tempo 명칭 SaaS가 있으나 음악 교육 혼동 수준은 아님
Tempo Tips	A	T	T	T	0.76	연습 노하우 콘텐츠로 App과 별개
Termination App	A	T	T	T	0.78	고용·계약 해지 절차·문서 관리 도구로 HR 업무와 부합해 명확
Termination Tips	A	T	T	T	0.74	해지 절차 노하우 콘텐츠로 App과 별개, 주제의 민감성 때문에 신뢰도 소폭 낮춤
Testament Announcement	A	T	T	T	0.72	유언 공지·고지 관리 서비스로 해석 가능하나 같은 앵커의 Message·Notification과 전달 계열이 겹치는 경계라 운영 기준상 유지하되 신뢰도 낮게 기록
Testament Deadline	A	T	T	T	0.78	상속 기한 관리 도구로 실재 업무이며 같은 앵커 내 안내·전달 계열과 행동이 별개
Testament Guide	A	T	T	T	0.74	유언·상속 절차 안내로 Testament Manual과 경계사례지만 안내문의 대상과 형태가 달라 유지
Testament Kit	A	T	T	T	0.8	유언장 작성 키트로 실재 상품 카테고리이며 서비스 실체가 명확
Testament Manual	R	T	F	T	0.74	반박: 같은 배치 Testament Guide와 동일 앵커의 유언·상속 절차 설명 문서로 Guide/Manual이 모두 안내서 형태의 실질 동일 상품이며 Guide 쪽이 대표로 유지됨 — 의미중복 판정
Testament Message	A	T	T	T	0.72	유언 전달 메시지 관리로 해석 가능하나 Testament Notification과 경계사례라 운영 기준에 따라 유지
Testament Notification	A	T	T	T	0.72	유언 관련 법적 통지 관리로 해석 가능하나 Testament Message와 경계사례라 유지
Testament Template	A	T	T	T	0.8	유언장 양식 제공 서비스로 실재하며 같은 앵커 내에서도 별개 행동
Testimonial App	A	T	T	T	0.8	고객 후기 수집·관리 도구로 명확, Testimony(증언)와는 별개 어휘·업계 조합
Testimonial Tips	A	T	T	T	0.76	후기 수집 노하우 콘텐츠로 App과 별개
Testimony App	A	T	T	T	0.72	보험 청구 진술·증언 기록 도구로 해석 가능하나 Testimonial App과 철자·의미 유사성이 경계라 업계가 달라 별개 판단하되 신뢰도 낮게 기록
Testimony Tips	A	T	T	T	0.72	진술 준비 노하우 콘텐츠로 App과 별개, Testimonial과의 유사성 경계를 반영
Thermocouple App	A	T	T	T	0.76	열전쌍 온도 측정·보정 도구로 HVAC 실무와 부합하나 전문 어휘라 신뢰도 소폭 낮춤
Thermocouple Tips	A	T	T	T	0.74	측정 노하우 콘텐츠로 App과 별개
Thumbnail App	A	T	T	T	0.8	썸네일 이미지 제작 도구로 명확, Testimonial과는 별개 어휘
Thumbnail Tips	A	T	T	T	0.76	썸네일 제작 노하우 콘텐츠로 App과 별개
Thyroid Diary	A	T	T	T	0.8	갑상선 증상 기록 일지로 명확, 일지는 추적 도구와 별개 행동
Thyroid Video	A	T	T	T	0.8	갑상선 관리 영상 가이드 콘텐츠로 명확
Timeline App	A	T	T	T	0.8	웨딩 타임라인 작성·관리 도구로 서비스 실체가 명확
Timeline Tips	A	T	T	T	0.76	웨딩 준비 노하우 콘텐츠로 App과 별개
Tour App	A	T	T	T	0.78	투어 예약·오디오 안내 도구로 관광 서비스 실체가 명확
Tour Tips	A	T	T	T	0.76	여행 팁 콘텐츠로 App과 별개
Tourist App	A	T	T	T	0.72	관광 안내 도구로 명확하나 Tour App과 앵커가 유사해 실질 유사성이 경계지만 동일 앵커가 아니라 운영 기준상 유지하며 신뢰도 낮게 기록
Tourist Tips	A	T	T	T	0.74	관광 팁 콘텐츠로 App과 별개, Tour Tips와의 유사성 경계를 반영
Trademark App	A	T	T	T	0.8	상표 출원·관리 도구로 법률 실무와 부합, Trademark는 일반 법률 명사라 브랜드 혼동 없음
Trademark Claim	A	T	T	T	0.76	상표 청구·침해 대응 관리 서비스로 실재 법률 업무이며 같은 앵커 도구·콘텐츠 계열과 별개
Trademark Handbook	A	T	T	T	0.76	상표 등록 절차 핸드북으로 명확, Trademark Tutorial과 콘텐츠 계열 경계지만 참조형 핸드북으로 유지
Trademark Timetable	A	T	T	T	0.74	상표 절차 일정 관리로 Tracker(상태 추적)와 별개 행동이나 도구 계열 유사성 경계를 반영해 신뢰도 소폭 낮춤
Trademark Tips	A	T	T	T	0.76	상표 노하우 콘텐츠로 App과 별개
Trademark Tracker	A	T	T	T	0.78	상표 출원 상태 추적 도구로 실재 docketing 업무이며 Trademark Watch(침해 감시)와 별개 행동
Trademark Tutorial	A	T	T	T	0.74	상표 절차 학습 콘텐츠로 Trademark Handbook과 경계사례지만 학습 vs 참조로 행동이 달라 유지
Trademark Watch	A	T	T	T	0.78	상표 침해 감시 서비스로 실재 상품 카테고리이며 Tracker(출원 추적)와 별개
Transcript App	A	T	T	T	0.8	음성 녹취록 생성·관리 도구로 교육 서비스 실체가 명확
Transcript Tips	A	T	T	T	0.76	녹취·전사 노하우 콘텐츠로 App과 별개
Transponder App	A	T	T	T	0.74	보안 업계에서 차량 트랜스폰더 키 등록·관리 도구로 해석 가능, 1차 사유의 통행료 서술은 업계와 어긋나지만 제목+업계 기준으로는 명확해 유지
Transponder Tips	A	T	T	T	0.72	트랜스폰더 키 서비스 노하우 콘텐츠로 해석 가능하나 전문 어휘·사유 어긋남을 반영해 신뢰도 낮게 기록
Trombone App	A	T	T	T	0.8	트롬본 레슨·연습 도구로 음악 교육 서비스 실체가 명확
Trombone Tips	A	T	T	T	0.76	연주 노하우 콘텐츠로 App과 별개
Truck App	A	T	T	T	0.8	이사 트럭 운송·차량 관리 도구로 서비스 실체가 명확
Truck Tips	A	T	T	T	0.76	운송 운영 노하우 콘텐츠로 App과 별개
Trumpet App	A	T	T	T	0.85	유지: 트럼펫 연습·학습 앱은 실재 상품군으로 명확하고 이번 배치의 Trumpet Tips와는 앱과 팁 콘텐츠로 별개 제품이며 상표 충돌 없음
Trumpet Tips	A	T	T	T	0.85	유지: 트럼펫 연습 팁 콘텐츠로 실재 장르가 성립하고 Trumpet App과는 다른 제품이며 상표 문제 없음
Tuition App	A	T	T	T	0.85	유지: 학비 납부·관리 앱은 교육 업계 실재 서비스 형태로 명확하고 상표 충돌 없음
Tuition Tips	A	T	T	T	0.8	유지: 학비·장학 전략 팁 콘텐츠로 실재 장르이고 동일 앵커의 Tuition App과는 다른 제품
Tuneup App	A	T	T	T	0.75	유지: 자동차 정기 정비 관리 앱으로 조합이 실재하고 유명 TuneUp 브랜드는 PC 유틸리티 도메인이라 자동차 정비 업계에서 충돌 아님
Tuneup Tips	A	T	T	T	0.75	유지: 차량 정비 팁 콘텐츠로 명확하고 Tuneup App과는 다른 제품이며 상표 충돌 없음
Tuning App	A	T	T	T	0.9	유지: 악기 조율 앱은 음악 레슨 업계의 대표적 실재 상품으로 매우 명확하고 상표 충돌 없음
Tuning Tips	A	T	T	T	0.85	유지: 악기 조율 팁 콘텐츠로 명확하고 Tuning App과는 다른 제품
Turnaround App	A	T	T	T	0.7	유지: 번역 업계에서 turnaround는 납기 표준 용어로 납기·일정 관리 앱이 실제 성립해 반박을 시도했으나 대상과 기능이 어긋나지 않음
Turnaround Tips	A	T	T	T	0.7	유지: 번역 납기 단축 팁 콘텐츠로 업계 용어와의 결합이 자연스럽고 배치 내 중복 없음
Tutoring App	A	T	T	T	0.9	유지: 과외 매칭·관리 앱은 교육 업계 대표적 실재 상품으로 명확하고 상표 충돌 없음
Tutoring Tips	A	T	T	T	0.85	유지: 과외·학습 팁 콘텐츠로 명확하고 Tutoring App과는 다른 제품
Union App	A	T	T	T	0.75	유지: 노조 회원·회비·협상 관리 앱은 HR 업계 실재 카테고리고 Union은 일반명사라 상표 충돌 없음
Union Tips	A	T	T	T	0.75	유지: 노조 운영·협상 팁 콘텐츠로 성립하고 Union App과는 다른 제품
Vacuum App	A	T	T	T	0.75	유지: 풀 청소기 로봇 제어·관리 앱은 수영장 관리 업계 실재 카테고리로 반박을 시도했으나 실제 서비스가 형성됨
Vacuum Tips	A	T	T	T	0.75	유지: 수영장 청소·진공 관리 팁 콘텐츠로 명확하고 Vacuum App과는 다른 제품
Valuation App	A	T	T	T	0.9	유지: 부동산 가치 평가 앱은 대표적 실재 상품으로 명확하고 상표 충돌 없음
Valuation Tips	A	T	T	T	0.85	유지: 감정평가 팁 콘텐츠로 명확하고 Valuation App과는 다른 제품
Vent App	A	T	T	T	0.8	유지: 덕트·환기 점검 관리 앱으로 HVAC 업계 실재 형태이며 Vent는 일반명사라 상표 충돌 없음
Vent Tips	A	T	T	T	0.8	유지: 환기·덕트 관리 팁 콘텐츠로 명확하고 Vent App과는 다른 제품
Vertigo Diary	A	T	T	T	0.85	유지: 어지럼증 발작 기록 일지는 실재 증상 추적 상품군으로 명확하고 Guide·Record와 달리 개인 로그 형태가 대표 표기라 유지
Vertigo Guide	A	T	T	T	0.8	유지: 어지럼증 관리 가이드 콘텐츠로 명확하고 Vertigo Diary와는 조언 콘텐츠와 기록물로 별개 제품
Vertigo Record	R	T	F	T	0.65	반박: 동일 앵커 Vertigo Diary가 이번 배치에 승인돼 있고 Record도 어지럼 발작을 시간순으로 기록하는 증상 로그로 Diary와 실질 동일 상품이라 중복으로 뒤집음
Vertigo Video	A	T	T	T	0.75	유지: 어지럼증 관리 영상 콘텐츠로 Diary·Guide와 매체가 다른 별개 제품이며 상표 충돌 없음
Video App	A	T	T	T	0.85	유지: 영상 촬영·편집 앱은 미디어 업계 대표적 실재 상품으로 명확하고 상표 충돌 없음
Video Tips	A	T	T	T	0.8	유지: 영상 제작 팁 콘텐츠로 명확하고 Video App과는 다른 제품
Viola App	A	T	T	T	0.8	유지: 비올라 학습 보조 앱으로 실재하고 Violin App은 다른 악기라 중복 아님
Viola Tips	A	T	T	T	0.8	유지: 비올라 연주 팁 콘텐츠로 명확하고 Viola App과는 다른 제품
Violin App	A	T	T	T	0.9	유지: 바이올린 학습·튜너 앱은 대표적 실재 상품으로 명확하고 상표 충돌 없음
Violin Tips	A	T	T	T	0.85	유지: 바이올린 연습 팁 콘텐츠로 명확하고 Violin App과는 다른 제품
Visit App	A	T	T	T	0.75	유지: 병원 방문·진료 일정 관리 앱은 의료 업계 실재 카테고리로 반박을 시도했으나 대상과 기능이 성립함
Visit Tips	A	T	T	T	0.75	유지: 진료 방문 준비 팁 콘텐츠로 성립하고 Visit App과는 다른 제품
Vow App	A	T	T	T	0.8	유지: 결혼 서원 작성 도구는 웨딩 업계 실재 상품군으로 명확하고 상표 충돌 없음
Vow Tips	A	T	T	T	0.8	유지: 서원·축사 작성 팁 콘텐츠로 명확하고 Vow App과는 다른 제품
Walkthrough App	A	T	T	T	0.85	유지: 매물 가상 워크스루 투어 앱은 부동산 업계 실재 상품군으로 명확하고 상표 충돌 없음
Walkthrough Tips	A	T	T	T	0.8	유지: 집 보기 체크포인트 팁 콘텐츠로 실재 장르이며 Walkthrough App과는 다른 제품
Wardrobe App	A	T	T	T	0.75	유지: 옷장 정리·코디 기록 앱은 실재 상품군이고 정리 서비스 대상으로 성립하며 상표 충돌 없음
Wardrobe Tips	A	T	T	T	0.75	유지: 옷장 정리 팁 콘텐츠로 명확하고 Wardrobe App과는 다른 제품
Warehouse App	A	T	T	T	0.9	유지: 창고·재고 관리 앱은 물류 업계 대표적 실재 상품으로 명확하고 상표 충돌 없음
Warehouse Tips	A	T	T	T	0.85	유지: 창고 운영 팁 콘텐츠로 명확하고 Warehouse App과는 다른 제품
Warranty App	A	T	T	T	0.85	유지: 준공 보증·AS 관리 앱은 건설 업계 실재 카테고리고 상표 충돌 없음
Warranty Tips	A	T	T	T	0.8	유지: 보증 관리 팁 콘텐츠로 명확하고 Warranty App과는 다른 제품
Watermark App	A	T	T	T	0.9	유지: 사진 워터마크 삽입 앱은 사진 업계 대표적 실재 상품으로 명확하고 상표 충돌 없음
Watermark Tips	A	T	T	T	0.8	유지: 워터마크 활용 팁 콘텐츠로 명확하고 Watermark App과는 다른 제품
Waterproofing Tips	A	T	T	T	0.85	유지: 방수 시공 팁 콘텐츠로 명확하고 이번 배치에 동일 앵커 후보가 없어 중복 없음
Wax App	A	T	T	T	0.7	유지: 자동차 왁스 시공 관리 앱으로 디테일링 업계에서 성립하고 Waxing App은 살롱 시술이라 산업과 제품이 달라 중복 아님
Wax Tips	A	T	T	T	0.75	유지: 자동차 왁스 팁 콘텐츠로 명확하고 Wax App과는 다른 제품
Waxing App	A	T	T	T	0.85	유지: 왁싱 시술 예약·관리 앱은 살롱 업계 실재 상품군이고 Wax App은 자동차 도메인이라 중복 아님
Waxing Tips	A	T	T	T	0.8	유지: 왁싱 전후 관리 팁 콘텐츠로 명확하고 Waxing App과는 다른 제품
Whale Size	A	T	T	T	0.7	유지: 고래 크기 비교 도구·콘텐츠는 웨일워칭 업계 실재 장르로 반박을 시도했으나 속성 결합이 실제 서비스를 형성해 불명확 근거가 부족함
Wheel App	A	T	T	T	0.75	유지: 휠·타이어 관리 앱으로 디테일링 업계에서 성립하고 상표 충돌 없음
Wheel Tips	A	T	T	T	0.75	유지: 휠 관리 팁 콘텐츠로 명확하고 Wheel App과는 다른 제품
Whitening App	A	T	T	T	0.85	유지: 치아 미백 관리 앱은 치과 업계 실재 상품군으로 명확하고 상표 충돌 없음
Whitening Tips	A	T	T	T	0.8	유지: 미백 관리 팁 콘텐츠로 명확하고 Whitening App과는 다른 제품
Windshield App	A	T	T	T	0.85	유지: 앞유리 수리·교체 예약 앱은 자동차 업계 실재 카테고리고 상표 충돌 없음
Windshield Tips	A	T	T	T	0.8	유지: 앞유리 수리 팁 콘텐츠로 명확하고 Windshield App과는 다른 제품
Winterization App	A	T	T	T	0.8	유지: 수영장 월동 준비 예약·관리 앱은 실재 서비스 카테고리고 상표 충돌 없음
Winterization Tips	A	T	T	T	0.8	유지: 월동 준비 팁 콘텐츠로 명확하고 Winterization App과는 다른 제품
Withholding App	A	T	T	T	0.8	유지: 원천징수 계산 관리 앱은 HR·급여 업계 실재 카테고리고 상표 충돌 없음
Withholding Tips	A	T	T	T	0.75	유지: 원천징수 팁 콘텐츠로 명확하고 Withholding App과는 다른 제품
Wrench App	A	T	T	T	0.7	유지: 렌치는 배관공 대표 도구로 배관 작업 관리 앱이 성립하며 1차 사유의 자동차 서술은 배제하고 제목과 배관 업계 기준으로 재판정해 유지
Wrench Tips	A	T	T	T	0.75	유지: 배관 팁 콘텐츠로 명확하고 Wrench App과는 다른 제품
Ziplining Diary	A	T	T	T	0.7	유지: 짚라인 체험 기록 일지는 모험 활동 로그 상품으로 성립해 반박을 시도했으나 일회성 관광이라도 로그 제품이 실재함
Ziplining Guide	A	T	T	T	0.85	유지: 짚라인 투어 가이드 콘텐츠로 명확하고 Ziplining Diary와는 조언과 기록으로 별개 제품
Ziplining Video	A	T	T	T	0.75	유지: 짚라인 투어 영상 콘텐츠로 Guide와 매체가 다른 별개 제품이며 상표 충돌 없음
Zoning App	A	T	T	T	0.7	유지: HVAC 업계에서 zoning은 구역 냉난방 제어 표준 용어로 구역 제어 관리 앱이 실재 형태이며 1차 사유의 용도지역 서술은 배제하고 재판정해 유지
Zoning Tips	A	T	T	T	0.75	유지: 구역 냉난방 설계·운용 팁 콘텐츠로 성립하고 Zoning App과는 다른 제품
